State,Station_ID,gif_private,png_private,Map.png,GSOM_1975.png,GSOM_1975_anomaly.png,Records.png,panel4.png.png,GSOM_dnorm.png,KISS.png,GSOM_estPDF.png,panel4.gif,GSOM_dnorm.gif
Alabama,USC00018024,/home/CAMPUS/mwl04747/github/Climate_Change_Narratives/Social_Media/State_htmls/Climate_gifs/,/home/CAMPUS/mwl04747/github/Climate_Change_Narratives/Social_Media/State_htmls/png/,Alabama_USC00018024_MAP.png,Alabama_USC00018024_GSOM_1975.png,Alabama_USC00018024_GSOM_anomaly_1975.png,Alabama-USC00018024-CHCND_Temp_Records.png,Alabama_USC00018024_4panel.png,Alabama_USC00018024_GSOM_dnorm.png,Alabama_USC00018024_KISS.png,Alabama_USC00018024_GSOM_estPDF.png,Alabama_USC00018024_4panel.gif,Alabama_USC00018024_GSOM_dnorm.gif
Alaska,USW00026617,/home/CAMPUS/mwl04747/github/Climate_Change_Narratives/Social_Media/State_htmls/Climate_gifs/,/home/CAMPUS/mwl04747/github/Climate_Change_Narratives/Social_Media/State_htmls/png/,Alaska_USW00026617_MAP.png,Alaska_USW00026617_GSOM_1975.png,Alaska_USW00026617_GSOM_anomaly_1975.png,Alaska_USW00026617_CHCND_Temp_Records.png,Alaska_USW00026617_4panel.png,Alaska_USW00026617_GSOM_dnorm.png,Alaska_USW00026617_KISS.png,Alaska_USW00026617_GSOM_estPDF.png,Alaska_USW00026617_4panel.gif,Alaska_USW00026617_GSOM_dnorm.gif
Arkansas,"NEWPORT, AR US (ID:GHCND:USC00035186)",/home/CAMPUS/mwl04747/github/Climate_Change_Narratives/Social_Media/State_htmls/Climate_gifs/,/home/CAMPUS/mwl04747/github/Climate_Change_Narratives/Social_Media/State_htmls/png/,Arkansas_USC00035186_MAP.png,Arkansas_USC00035186_GSOM_1975.png,Arkansas_USC00035186_GSOM_anomaly_1975.png,Arkansas_USC00035186_CHCND_Temp_Records.png,Arkansas_USC00035186_4panel.png,Arkansas_USC00035186_GSOM_dnorm.png,Arkansas_USC00035186_KISS.png,Arkansas_USC00035186_GSOM_estPDF.png,Arkansas_USC00035186_4panel.gif,Arkansas_USC00035186_GSOM_dnorm.gif
California,USW00023271,/home/CAMPUS/mwl04747/github/Climate_Change_Narratives/Social_Media/State_htmls/Climate_gifs/,/home/CAMPUS/mwl04747/github/Climate_Change_Narratives/Social_Media/State_htmls/png/,California_USW00023271_MAP.png,California_USW00023271_GSOM_1975.png,California_USW00023271_GSOM_anomaly_1975.png,California_USW00023271_CHCND_Temp_Records.png,California_USW00023271_4panel.png,California_USW00023271_GSOM_dnorm.png,California_USW00023271_KISS.png,California_USW00023271_GSOM_estPDF.png,California_USW00023271_4panel.gif,California_USW00023271_GSOM_dnorm.gif
Colorado,USC00054770,/home/CAMPUS/mwl04747/github/Climate_Change_Narratives/Social_Media/State_htmls/Climate_gifs/,/home/CAMPUS/mwl04747/github/Climate_Change_Narratives/Social_Media/State_htmls/png/,Colorado_USC00054770_MAP.png,Colorado_USC00054770_GSOM_1975.png,Colorado_USC00054770_GSOM_anomaly_1975.png,Colorado_USC00054770_CHCND_Temp_Records.png,Colorado_USC00054770_4panel.png,Colorado_USC00054770_GSOM_dnorm.png,Colorado_USC00054770_KISS.png,Colorado_USC00054770_GSOM_estPDF.png,Colorado_USC00054770_4panel.gif,Colorado_USC00054770_GSOM_dnorm.gif
Connecticut,USC00068138,/home/CAMPUS/mwl04747/github/Climate_Change_Narratives/Social_Media/State_htmls/Climate_gifs/,/home/CAMPUS/mwl04747/github/Climate_Change_Narratives/Social_Media/State_htmls/png/,Connecticut_USC00068138_MAP.png,Connecticut_USC00068138_GSOM_1975.png,Connecticut_USC00068138_GSOM_anomaly_1975.png,Connecticut_USC00068138_CHCND_Temp_Records.png,Connecticut_USC00068138_4panel.png,Connecticut_USC00068138_GSOM_dnorm.png,Connecticut_USC00068138_KISS.png,Connecticut_USC00068138_GSOM_estPDF.png,Connecticut_USC00068138_4panel.gif,Connecticut_USC00068138_GSOM_dnorm.gif
Delaware,USC00079605,/home/CAMPUS/mwl04747/github/Climate_Change_Narratives/Social_Media/State_htmls/Climate_gifs/,/home/CAMPUS/mwl04747/github/Climate_Change_Narratives/Social_Media/State_htmls/png/,Delaware_USC00079605_MAP.png,Delaware_USC00079605_GSOM_1975.png,Delaware_USC00079605_GSOM_anomaly_1975.png,Delaware_USC00079605_CHCND_Temp_Records.png,Delaware_USC00079605_4panel.png,Delaware_USC00079605_GSOM_dnorm.png,Delaware_USC00079605_KISS.png,Delaware_USC00079605_GSOM_estPDF.png,Delaware_USC00079605_4panel.gif,Delaware_USC00079605_GSOM_dnorm.gif
District of Columbia,USC00186350,/home/CAMPUS/mwl04747/github/Climate_Change_Narratives/Social_Media/State_htmls/Climate_gifs/,/home/CAMPUS/mwl04747/github/Climate_Change_Narratives/Social_Media/State_htmls/png/,District of Columbia_USC00186350_MAP.png,District of Columbia_USC00186350_GSOM_1975.png,District of Columbia_USC00186350_GSOM_anomaly_1975.png,District of Columbia_USC00186350_CHCND_Temp_Records.png,District of Columbia_USC00186350_4panel.png,District of Columbia_USC00186350_GSOM_dnorm.png,District of Columbia_USC00186350_KISS.png,District of Columbia_USC00186350_GSOM_estPDF.png,District of Columbia_USC00186350_4panel.gif,District of Columbia_USC00186350_GSOM_dnorm.gif
Georgia,USC00098740,/home/CAMPUS/mwl04747/github/Climate_Change_Narratives/Social_Media/State_htmls/Climate_gifs/,/home/CAMPUS/mwl04747/github/Climate_Change_Narratives/Social_Media/State_htmls/png/,Georgia_USC00098740_MAP.png,Georgia_USC00098740_GSOM_1975.png,Georgia_USC00098740_GSOM_anomaly_1975.png,Georgia_USC00098740_CHCND_Temp_Records.png,Georgia_USC00098740_4panel.png,Georgia_USC00098740_GSOM_dnorm.png,Georgia_USC00098740_KISS.png,Georgia_USC00098740_GSOM_estPDF.png,Georgia_USC00098740_4panel.gif,Georgia_USC00098740_GSOM_dnorm.gif
Hawaii,USC00516588,/home/CAMPUS/mwl04747/github/Climate_Change_Narratives/Social_Media/State_htmls/Climate_gifs/,/home/CAMPUS/mwl04747/github/Climate_Change_Narratives/Social_Media/State_htmls/png/,Hawaii_USC00516588_MAP.png,Hawaii_USC00516588_GSOM_1975.png,Hawaii_USC00516588_GSOM_anomaly_1975.png,Hawaii_USC00516588_CHCND_Temp_Records.png,Hawaii_USC00516588_4panel.png,Hawaii_USC00516588_GSOM_dnorm.png,Hawaii_USC00516588_KISS.png,Hawaii_USC00516588_GSOM_estPDF.png,Hawaii_USC00516588_4panel.gif,Hawaii_USC00516588_GSOM_dnorm.gif
Idaho,"PORTHILL, ID US (ID:GHCND:USC00107264)",/home/CAMPUS/mwl04747/github/Climate_Change_Narratives/Social_Media/State_htmls/Climate_gifs/,/home/CAMPUS/mwl04747/github/Climate_Change_Narratives/Social_Media/State_htmls/png/,Idaho_USC00107264_MAP.png,Idaho_USC00107264_GSOM_1975.png,Idaho_USC00107264_GSOM_anomaly_1975.png,Idaho_USC00107264_CHCND_Temp_Records.png,Idaho_USC00107264_4panel.png,Idaho_USC00107264_GSOM_dnorm.png,Idaho_USC00107264_KISS.png,Idaho_USC00107264_GSOM_estPDF.png,Idaho_USC00107264_4panel.gif,Idaho_USC00107264_GSOM_dnorm.gif
Illinois,"KEOKUK LOCK DAM 19, IA US (ID:GHCND:USC00134381)",/home/CAMPUS/mwl04747/github/Climate_Change_Narratives/Social_Media/State_htmls/Climate_gifs/,/home/CAMPUS/mwl04747/github/Climate_Change_Narratives/Social_Media/State_htmls/png/,Illinois_USC00134381_MAP.png,Illinois_USC00134381_GSOM_1975.png,Illinois_USC00134381_GSOM_anomaly_1975.png,Illinois_USC00134381_CHCND_Temp_Records.png,Illinois_USC00134381_4panel.png,Illinois_USC00134381_GSOM_dnorm.png,Illinois_USC00134381_KISS.png,Illinois_USC00134381_GSOM_estPDF.png,Illinois_USC00134381_4panel.gif,Illinois_USC00134381_GSOM_dnorm.gif
Indiana,"MOUNT VERNON, IN US (ID:GHCND:USC00126001)",/home/CAMPUS/mwl04747/github/Climate_Change_Narratives/Social_Media/State_htmls/Climate_gifs/,/home/CAMPUS/mwl04747/github/Climate_Change_Narratives/Social_Media/State_htmls/png/,Indiana_USC00126001_MAP.png,Indiana_USC00126001_GSOM_1975.png,Indiana_USC00126001_GSOM_anomaly_1975.png,Indiana_USC00126001_CHCND_Temp_Records.png,Indiana_USC00126001_4panel.png,Indiana_USC00126001_GSOM_dnorm.png,Indiana_USC00126001_KISS.png,Indiana_USC00126001_GSOM_estPDF.png,Indiana_USC00126001_4panel.gif,Indiana_USC00126001_GSOM_dnorm.gif
Kansas,"HORTON, KS US (ID:GHCND:USC00143810)",/home/CAMPUS/mwl04747/github/Climate_Change_Narratives/Social_Media/State_htmls/Climate_gifs/,/home/CAMPUS/mwl04747/github/Climate_Change_Narratives/Social_Media/State_htmls/png/,Kansas_USC00143810_MAP.png,Kansas_USC00143810_GSOM_1975.png,Kansas_USC00143810_GSOM_anomaly_1975.png,Kansas_USC00143810_CHCND_Temp_Records.png,Kansas_USC00143810_4panel.png,Kansas_USC00143810_GSOM_dnorm.png,Kansas_USC00143810_KISS.png,Kansas_USC00143810_GSOM_estPDF.png,Kansas_USC00143810_4panel.gif,Kansas_USC00143810_GSOM_dnorm.gif
Kentucky,"LEXINGTON BLUEGRASS AIRPORT, KY US (ID:GHCND:USW00093820)",/home/CAMPUS/mwl04747/github/Climate_Change_Narratives/Social_Media/State_htmls/Climate_gifs/,/home/CAMPUS/mwl04747/github/Climate_Change_Narratives/Social_Media/State_htmls/png/,Kentucky_USW00093820_MAP.png,Kentucky_USW00093820_GSOM_1975.png,Kentucky_USW00093820_GSOM_anomaly_1975.png,Kentucky_USW00093820_CHCND_Temp_Records.png,Kentucky_USW00093820_4panel.png,Kentucky_USW00093820_GSOM_dnorm.png,Kentucky_USW00093820_KISS.png,Kentucky_USW00093820_GSOM_estPDF.png,Kentucky_USW00093820_4panel.gif,Kentucky_USW00093820_GSOM_dnorm.gif
Louisiana,"ALEXANDRIA, LA US (ID:GHCND:USC00160098)",/home/CAMPUS/mwl04747/github/Climate_Change_Narratives/Social_Media/State_htmls/Climate_gifs/,/home/CAMPUS/mwl04747/github/Climate_Change_Narratives/Social_Media/State_htmls/png/,Louisiana_USC00160098_MAP.png,Louisiana_USC00160098_GSOM_1975.png,Louisiana_USC00160098_GSOM_anomaly_1975.png,Louisiana_USC00160098_CHCND_Temp_Records.png,Louisiana_USC00160098_4panel.png,Louisiana_USC00160098_GSOM_dnorm.png,Louisiana_USC00160098_KISS.png,Louisiana_USC00160098_GSOM_estPDF.png,Louisiana_USC00160098_4panel.gif,Louisiana_USC00160098_GSOM_dnorm.gif
Maine,"GARDINER, ME US (ID:GHCND:USC00173046)",/home/CAMPUS/mwl04747/github/Climate_Change_Narratives/Social_Media/State_htmls/Climate_gifs/,/home/CAMPUS/mwl04747/github/Climate_Change_Narratives/Social_Media/State_htmls/png/,Maine_USC00173046_MAP.png,Maine_USC00173046_GSOM_1975.png,Maine_USC00173046_GSOM_anomaly_1975.png,Maine_USC00173046_CHCND_Temp_Records.png,Maine_USC00173046_4panel.png,Maine_USC00173046_GSOM_dnorm.png,Maine_USC00173046_KISS.png,Maine_USC00173046_GSOM_estPDF.png,Maine_USC00173046_4panel.gif,Maine_USC00173046_GSOM_dnorm.gif
Maryland,"OAKLAND 1 SE, MD US (ID:GHCND:USC00186620)",/home/CAMPUS/mwl04747/github/Climate_Change_Narratives/Social_Media/State_htmls/Climate_gifs/,/home/CAMPUS/mwl04747/github/Climate_Change_Narratives/Social_Media/State_htmls/png/,Maryland_USC00186620_MAP.png,Maryland_USC00186620_GSOM_1975.png,Maryland_USC00186620_GSOM_anomaly_1975.png,Maryland_USC00186620_CHCND_Temp_Records.png,Maryland_USC00186620_4panel.png,Maryland_USC00186620_GSOM_dnorm.png,Maryland_USC00186620_KISS.png,Maryland_USC00186620_GSOM_estPDF.png,Maryland_USC00186620_4panel.gif,Maryland_USC00186620_GSOM_dnorm.gif
Massachusetts,"BLUE HILL COOP, MA US (ID:GHCND:USC00190736)",/home/CAMPUS/mwl04747/github/Climate_Change_Narratives/Social_Media/State_htmls/Climate_gifs/,/home/CAMPUS/mwl04747/github/Climate_Change_Narratives/Social_Media/State_htmls/png/,Massachusetts_USC00190736_MAP.png,Massachusetts_USC00190736_GSOM_1975.png,Massachusetts_USC00190736_GSOM_anomaly_1975.png,Massachusetts_USC00190736_CHCND_Temp_Records.png,Massachusetts_USC00190736_4panel.png,Massachusetts_USC00190736_GSOM_dnorm.png,Massachusetts_USC00190736_KISS.png,Massachusetts_USC00190736_GSOM_estPDF.png,Massachusetts_USC00190736_4panel.gif,Massachusetts_USC00190736_GSOM_dnorm.gif
Michigan,"ALMA, MI US (ID:GHCND:USC00200146)",/home/CAMPUS/mwl04747/github/Climate_Change_Narratives/Social_Media/State_htmls/Climate_gifs/,/home/CAMPUS/mwl04747/github/Climate_Change_Narratives/Social_Media/State_htmls/png/,Michigan_USC00200146_MAP.png,Michigan_USC00200146_GSOM_1975.png,Michigan_USC00200146_GSOM_anomaly_1975.png,Michigan_USC00200146_CHCND_Temp_Records.png,Michigan_USC00200146_4panel.png,Michigan_USC00200146_GSOM_dnorm.png,Michigan_USC00200146_KISS.png,Michigan_USC00200146_GSOM_estPDF.png,Michigan_USC00200146_4panel.gif,Michigan_USC00200146_GSOM_dnorm.gif
Minnesota,"MORRIS WEST CENTRAL RESEARCH AND OUTREACH CENTER, MN US (ID:GHCND:USC00215638)",/home/CAMPUS/mwl04747/github/Climate_Change_Narratives/Social_Media/State_htmls/Climate_gifs/,/home/CAMPUS/mwl04747/github/Climate_Change_Narratives/Social_Media/State_htmls/png/,Minnesota_USC00215638_MAP.png,Minnesota_USC00215638_GSOM_1975.png,Minnesota_USC00215638_GSOM_anomaly_1975.png,Minnesota_USC00215638_CHCND_Temp_Records.png,Minnesota_USC00215638_4panel.png,Minnesota_USC00215638_GSOM_dnorm.png,Minnesota_USC00215638_KISS.png,Minnesota_USC00215638_GSOM_estPDF.png,Minnesota_USC00215638_4panel.gif,Minnesota_USC00215638_GSOM_dnorm.gif
"Mississippi","HATTIESBURG, MS US (ID:GHCND:USC00223887)","/home/CAMPUS/mwl04747/github/Climate_Change_Narratives/docs/Social_Media/State_htmls/Climate_gifs/","/home/CAMPUS/mwl04747/github/Climate_Change_Narratives/Social_Media/State_htmls/png/","Mississippi_USC00223887_MAP.png","Mississippi_USC00223887_GSOM_1975.png","Mississippi_USC00223887_GSOM_anomaly_1975.png","Mississippi_USC00223887_CHCND_Temp_Records.png","Mississippi_USC00223887_4panel.png","Mississippi_USC00223887_GSOM_dnorm.png","Mississippi_USC00223887_KISS.png","Mississippi_USC00223887_GSOM_estPDF.png","Mississippi_USC00223887_4panel.gif","Mississippi_USC00223887_GSOM_dnorm.gif"
"Missouri","CONCEPTION, MO US (ID:GHCND:USC00231822)","/home/CAMPUS/mwl04747/github/Climate_Change_Narratives/docs/Social_Media/State_htmls/Climate_gifs/","/home/CAMPUS/mwl04747/github/Climate_Change_Narratives/Social_Media/State_htmls/png/","Missouri_USC00231822_MAP.png","Missouri_USC00231822_GSOM_1975.png","Missouri_USC00231822_GSOM_anomaly_1975.png","Missouri_USC00231822_CHCND_Temp_Records.png","Missouri_USC00231822_4panel.png","Missouri_USC00231822_GSOM_dnorm.png","Missouri_USC00231822_KISS.png","Missouri_USC00231822_GSOM_estPDF.png","Missouri_USC00231822_4panel.gif","Missouri_USC00231822_GSOM_dnorm.gif"
"Montana","BOZEMAN MONTANA STATE UNIVERSITY, MT US (ID:GHCND:USC00241044)","/home/CAMPUS/mwl04747/github/Climate_Change_Narratives/docs/Social_Media/State_htmls/Climate_gifs/","/home/CAMPUS/mwl04747/github/Climate_Change_Narratives/Social_Media/State_htmls/png/","Montana_USC00241044_MAP.png","Montana_USC00241044_GSOM_1975.png","Montana_USC00241044_GSOM_anomaly_1975.png","Montana_USC00241044_CHCND_Temp_Records.png","Montana_USC00241044_4panel.png","Montana_USC00241044_GSOM_dnorm.png","Montana_USC00241044_KISS.png","Montana_USC00241044_GSOM_estPDF.png","Montana_USC00241044_4panel.gif","Montana_USC00241044_GSOM_dnorm.gif"
"Nebraska","DAVID CITY 4 E, NE US (ID:GHCND:USC00252205)","/home/CAMPUS/mwl04747/github/Climate_Change_Narratives/docs/Social_Media/State_htmls/Climate_gifs/","/home/CAMPUS/mwl04747/github/Climate_Change_Narratives/Social_Media/State_htmls/png/","Nebraska_USC00252205_MAP.png","Nebraska_USC00252205_GSOM_1975.png","Nebraska_USC00252205_GSOM_anomaly_1975.png","Nebraska_USC00252205_CHCND_Temp_Records.png","Nebraska_USC00252205_4panel.png","Nebraska_USC00252205_GSOM_dnorm.png","Nebraska_USC00252205_KISS.png","Nebraska_USC00252205_GSOM_estPDF.png","Nebraska_USC00252205_4panel.gif","Nebraska_USC00252205_GSOM_dnorm.gif"
"Nevada","WINNEMUCCA AIRPORT, NV US (ID:GHCND:USW00024128)","/home/CAMPUS/mwl04747/github/Climate_Change_Narratives/docs/Social_Media/State_htmls/Climate_gifs/","/home/CAMPUS/mwl04747/github/Climate_Change_Narratives/Social_Media/State_htmls/png/","Nevada_USW00024128_MAP.png","Nevada_USW00024128_GSOM_1975.png","Nevada_USW00024128_GSOM_anomaly_1975.png","Nevada_USW00024128_CHCND_Temp_Records.png","Nevada_USW00024128_4panel.png","Nevada_USW00024128_GSOM_dnorm.png","Nevada_USW00024128_KISS.png","Nevada_USW00024128_GSOM_estPDF.png","Nevada_USW00024128_4panel.gif","Nevada_USW00024128_GSOM_dnorm.gif"
"New Hampshire","HANOVER, NH US (ID:GHCND:USC00273850)","/home/CAMPUS/mwl04747/github/Climate_Change_Narratives/docs/Social_Media/State_htmls/Climate_gifs/","/home/CAMPUS/mwl04747/github/Climate_Change_Narratives/Social_Media/State_htmls/png/","New Hampshire_USC00273850_MAP.png","New Hampshire_USC00273850_GSOM_1975.png","New Hampshire_USC00273850_GSOM_anomaly_1975.png","New Hampshire_USC00273850_CHCND_Temp_Records.png","New Hampshire_USC00273850_4panel.png","New Hampshire_USC00273850_GSOM_dnorm.png","New Hampshire_USC00273850_KISS.png","New Hampshire_USC00273850_GSOM_estPDF.png","New Hampshire_USC00273850_4panel.gif","New Hampshire_USC00273850_GSOM_dnorm.gif"
"New Jersey","ATLANTIC CITY MARINA, NJ US (ID:GHCND:USW00013724)","/home/CAMPUS/mwl04747/github/Climate_Change_Narratives/docs/Social_Media/State_htmls/Climate_gifs/","/home/CAMPUS/mwl04747/github/Climate_Change_Narratives/Social_Media/State_htmls/png/","New Jersey_USW00013724_MAP.png","New Jersey_USW00013724_GSOM_1975.png","New Jersey_USW00013724_GSOM_anomaly_1975.png","New Jersey_USW00013724_CHCND_Temp_Records.png","New Jersey_USW00013724_4panel.png","New Jersey_USW00013724_GSOM_dnorm.png","New Jersey_USW00013724_KISS.png","New Jersey_USW00013724_GSOM_estPDF.png","New Jersey_USW00013724_4panel.gif","New Jersey_USW00013724_GSOM_dnorm.gif"
"New Mexico","CIMARRON 4 SW, NM US (ID:GHCND:USC00291813)","/home/CAMPUS/mwl04747/github/Climate_Change_Narratives/docs/Social_Media/State_htmls/Climate_gifs/","/home/CAMPUS/mwl04747/github/Climate_Change_Narratives/Social_Media/State_htmls/png/","New Mexico_USC00291813_MAP.png","New Mexico_USC00291813_GSOM_1975.png","New Mexico_USC00291813_GSOM_anomaly_1975.png","New Mexico_USC00291813_CHCND_Temp_Records.png","New Mexico_USC00291813_4panel.png","New Mexico_USC00291813_GSOM_dnorm.png","New Mexico_USC00291813_KISS.png","New Mexico_USC00291813_GSOM_estPDF.png","New Mexico_USC00291813_4panel.gif","New Mexico_USC00291813_GSOM_dnorm.gif"
"New York","NY CITY CENTRAL PARK, NY US (ID:GHCND:USW00094728)","/home/CAMPUS/mwl04747/github/Climate_Change_Narratives/docs/Social_Media/State_htmls/Climate_gifs/","/home/CAMPUS/mwl04747/github/Climate_Change_Narratives/Social_Media/State_htmls/png/","New York_USW00094728_MAP.png","New York_USW00094728_GSOM_1975.png","New York_USW00094728_GSOM_anomaly_1975.png","New York_USW00094728_CHCND_Temp_Records.png","New York_USW00094728_4panel.png","New York_USW00094728_GSOM_dnorm.png","New York_USW00094728_KISS.png","New York_USW00094728_GSOM_estPDF.png","New York_USW00094728_4panel.gif","New York_USW00094728_GSOM_dnorm.gif"
"North Carolina","ASHEVILLE, NC US (ID:GHCND:USW00013872)","/home/CAMPUS/mwl04747/github/Climate_Change_Narratives/docs/Social_Media/State_htmls/Climate_gifs/","/home/CAMPUS/mwl04747/github/Climate_Change_Narratives/Social_Media/State_htmls/png/","North Carolina_USW00013872_MAP.png","North Carolina_USW00013872_GSOM_1975.png","North Carolina_USW00013872_GSOM_anomaly_1975.png","North Carolina_USW00013872_CHCND_Temp_Records.png","North Carolina_USW00013872_4panel.png","North Carolina_USW00013872_GSOM_dnorm.png","North Carolina_USW00013872_KISS.png","North Carolina_USW00013872_GSOM_estPDF.png","North Carolina_USW00013872_4panel.gif","North Carolina_USW00013872_GSOM_dnorm.gif"
"North Dakota","WILLOW CITY, ND US (ID:GHCND:USC00329445)","/home/CAMPUS/mwl04747/github/Climate_Change_Narratives/docs/Social_Media/State_htmls/Climate_gifs/","/home/CAMPUS/mwl04747/github/Climate_Change_Narratives/Social_Media/State_htmls/png/","North Dakota_USC00329445_MAP.png","North Dakota_USC00329445_GSOM_1975.png","North Dakota_USC00329445_GSOM_anomaly_1975.png","North Dakota_USC00329445_CHCND_Temp_Records.png","North Dakota_USC00329445_4panel.png","North Dakota_USC00329445_GSOM_dnorm.png","North Dakota_USC00329445_KISS.png","North Dakota_USC00329445_GSOM_estPDF.png","North Dakota_USC00329445_4panel.gif","North Dakota_USC00329445_GSOM_dnorm.gif"
"Ohio","WARREN 3 S, OH US (ID:GHCND:USC00338769)","/home/CAMPUS/mwl04747/github/Climate_Change_Narratives/docs/Social_Media/State_htmls/Climate_gifs/","/home/CAMPUS/mwl04747/github/Climate_Change_Narratives/Social_Media/State_htmls/png/","Ohio_USC00338769_MAP.png","Ohio_USC00338769_GSOM_1975.png","Ohio_USC00338769_GSOM_anomaly_1975.png","Ohio_USC00338769_CHCND_Temp_Records.png","Ohio_USC00338769_4panel.png","Ohio_USC00338769_GSOM_dnorm.png","Ohio_USC00338769_KISS.png","Ohio_USC00338769_GSOM_estPDF.png","Ohio_USC00338769_4panel.gif","Ohio_USC00338769_GSOM_dnorm.gif"
"Oklahoma","STILLWATER 2 W, OK US (ID:GHCND:USC00348501)","/home/CAMPUS/mwl04747/github/Climate_Change_Narratives/docs/Social_Media/State_htmls/Climate_gifs/","/home/CAMPUS/mwl04747/github/Climate_Change_Narratives/Social_Media/State_htmls/png/","Oklahoma_USC00348501_MAP.png","Oklahoma_USC00348501_GSOM_1975.png","Oklahoma_USC00348501_GSOM_anomaly_1975.png","Oklahoma_USC00348501_CHCND_Temp_Records.png","Oklahoma_USC00348501_4panel.png","Oklahoma_USC00348501_GSOM_dnorm.png","Oklahoma_USC00348501_KISS.png","Oklahoma_USC00348501_GSOM_estPDF.png","Oklahoma_USC00348501_4panel.gif","Oklahoma_USC00348501_GSOM_dnorm.gif"
"Oregon","ASHLAND, OR US (ID:GHCND:USC00350304)","/home/CAMPUS/mwl04747/github/Climate_Change_Narratives/docs/Social_Media/State_htmls/Climate_gifs/","/home/CAMPUS/mwl04747/github/Climate_Change_Narratives/Social_Media/State_htmls/png/","Oregon_USC00350304_MAP.png","Oregon_USC00350304_GSOM_1975.png","Oregon_USC00350304_GSOM_anomaly_1975.png","Oregon_USC00350304_CHCND_Temp_Records.png","Oregon_USC00350304_4panel.png","Oregon_USC00350304_GSOM_dnorm.png","Oregon_USC00350304_KISS.png","Oregon_USC00350304_GSOM_estPDF.png","Oregon_USC00350304_4panel.gif","Oregon_USC00350304_GSOM_dnorm.gif"
"Pennsylvania","SCHENLEY LOCK 5, PA US (ID:GHCND:USC00367863)","/home/CAMPUS/mwl04747/github/Climate_Change_Narratives/docs/Social_Media/State_htmls/Climate_gifs/","/home/CAMPUS/mwl04747/github/Climate_Change_Narratives/Social_Media/State_htmls/png/","Pennsylvania_USC00367863_MAP.png","Pennsylvania_USC00367863_GSOM_1975.png","Pennsylvania_USC00367863_GSOM_anomaly_1975.png","Pennsylvania_USC00367863_CHCND_Temp_Records.png","Pennsylvania_USC00367863_4panel.png","Pennsylvania_USC00367863_GSOM_dnorm.png","Pennsylvania_USC00367863_KISS.png","Pennsylvania_USC00367863_GSOM_estPDF.png","Pennsylvania_USC00367863_4panel.gif","Pennsylvania_USC00367863_GSOM_dnorm.gif"
"Rhode Island","KINGSTON, RI US (ID:GHCND:USC00374266)","/home/CAMPUS/mwl04747/github/Climate_Change_Narratives/docs/Social_Media/State_htmls/Climate_gifs/","/home/CAMPUS/mwl04747/github/Climate_Change_Narratives/Social_Media/State_htmls/png/","Rhode Island_USC00374266_MAP.png","Rhode Island_USC00374266_GSOM_1975.png","Rhode Island_USC00374266_GSOM_anomaly_1975.png","Rhode Island_USC00374266_CHCND_Temp_Records.png","Rhode Island_USC00374266_4panel.png","Rhode Island_USC00374266_GSOM_dnorm.png","Rhode Island_USC00374266_KISS.png","Rhode Island_USC00374266_GSOM_estPDF.png","Rhode Island_USC00374266_4panel.gif","Rhode Island_USC00374266_GSOM_dnorm.gif"
"South Carolina","ANDERSON, SC US (ID:GHCND:USC00380165)","/home/CAMPUS/mwl04747/github/Climate_Change_Narratives/docs/Social_Media/State_htmls/Climate_gifs/","/home/CAMPUS/mwl04747/github/Climate_Change_Narratives/Social_Media/State_htmls/png/","South Carolina_USC00380165_MAP.png","South Carolina_USC00380165_GSOM_1975.png","South Carolina_USC00380165_GSOM_anomaly_1975.png","South Carolina_USC00380165_CHCND_Temp_Records.png","South Carolina_USC00380165_4panel.png","South Carolina_USC00380165_GSOM_dnorm.png","South Carolina_USC00380165_KISS.png","South Carolina_USC00380165_GSOM_estPDF.png","South Carolina_USC00380165_4panel.gif","South Carolina_USC00380165_GSOM_dnorm.gif"
"South Dakota","HURON REGIONAL AIRPORT, SD US (ID:GHCND:USW00014936)","/home/CAMPUS/mwl04747/github/Climate_Change_Narratives/docs/Social_Media/State_htmls/Climate_gifs/","/home/CAMPUS/mwl04747/github/Climate_Change_Narratives/Social_Media/State_htmls/png/","South Dakota_USW00014936_MAP.png","South Dakota_USW00014936_GSOM_1975.png","South Dakota_USW00014936_GSOM_anomaly_1975.png","South Dakota_USW00014936_CHCND_Temp_Records.png","South Dakota_USW00014936_4panel.png","South Dakota_USW00014936_GSOM_dnorm.png","South Dakota_USW00014936_KISS.png","South Dakota_USW00014936_GSOM_estPDF.png","South Dakota_USW00014936_4panel.gif","South Dakota_USW00014936_GSOM_dnorm.gif"
"Tennessee","KINGSTON, TN US (ID:GHCND:USC00404871)","/home/CAMPUS/mwl04747/github/Climate_Change_Narratives/docs/Social_Media/State_htmls/Climate_gifs/","/home/CAMPUS/mwl04747/github/Climate_Change_Narratives/Social_Media/State_htmls/png/","Tennessee_USC00404871_MAP.png","Tennessee_USC00404871_GSOM_1975.png","Tennessee_USC00404871_GSOM_anomaly_1975.png","Tennessee_USC00404871_CHCND_Temp_Records.png","Tennessee_USC00404871_4panel.png","Tennessee_USC00404871_GSOM_dnorm.png","Tennessee_USC00404871_KISS.png","Tennessee_USC00404871_GSOM_estPDF.png","Tennessee_USC00404871_4panel.gif","Tennessee_USC00404871_GSOM_dnorm.gif"
"Texas","HASKELL, TX US (ID:GHCND:USC00413992)","/home/CAMPUS/mwl04747/github/Climate_Change_Narratives/docs/Social_Media/State_htmls/Climate_gifs/","/home/CAMPUS/mwl04747/github/Climate_Change_Narratives/Social_Media/State_htmls/png/","Texas_USC00413992_MAP.png","Texas_USC00413992_GSOM_1975.png","Texas_USC00413992_GSOM_anomaly_1975.png","Texas_USC00413992_CHCND_Temp_Records.png","Texas_USC00413992_4panel.png","Texas_USC00413992_GSOM_dnorm.png","Texas_USC00413992_KISS.png","Texas_USC00413992_GSOM_estPDF.png","Texas_USC00413992_4panel.gif","Texas_USC00413992_GSOM_dnorm.gif"
"Tennessee","ROGERSVILLE 1 NE, TN US (ID:GHCND:USC00407884)","/home/CAMPUS/mwl04747/github/Climate_Change_Narratives/docs/Social_Media/State_htmls/Climate_gifs/","/home/CAMPUS/mwl04747/github/Climate_Change_Narratives/Social_Media/State_htmls/png/","Tennessee_USC00407884_MAP.png","Tennessee_USC00407884_GSOM_1975.png","Tennessee_USC00407884_GSOM_anomaly_1975.png","Tennessee_USC00407884_CHCND_Temp_Records.png","Tennessee_USC00407884_4panel.png","Tennessee_USC00407884_GSOM_dnorm.png","Tennessee_USC00407884_KISS.png","Tennessee_USC00407884_GSOM_estPDF.png","Tennessee_USC00407884_4panel.gif","Tennessee_USC00407884_GSOM_dnorm.gif"
"Vermont","SAINT JOHNSBURY, VT US (ID:GHCND:USC00437054)","/home/CAMPUS/mwl04747/github/Climate_Change_Narratives/docs/Social_Media/State_htmls/Climate_gifs/","/home/CAMPUS/mwl04747/github/Climate_Change_Narratives/Social_Media/State_htmls/png/","Vermont_USC00437054_MAP.png","Vermont_USC00437054_GSOM_1975.png","Vermont_USC00437054_GSOM_anomaly_1975.png","Vermont_USC00437054_CHCND_Temp_Records.png","Vermont_USC00437054_4panel.png","Vermont_USC00437054_GSOM_dnorm.png","Vermont_USC00437054_KISS.png","Vermont_USC00437054_GSOM_estPDF.png","Vermont_USC00437054_4panel.gif","Vermont_USC00437054_GSOM_dnorm.gif"
"West Virginia","GLENVILLE, WV US (ID:GHCND:USC00463544)","/home/CAMPUS/mwl04747/github/Climate_Change_Narratives/Social_Media/State_htmls/Climate_gifs/","/home/CAMPUS/mwl04747/github/Climate_Change_Narratives/Social_Media/State_htmls/png/","West Virginia_USC00463544_MAP.png","West Virginia_USC00463544_GSOM_1975.png","West Virginia_USC00463544_GSOM_anomaly_1975.png","West Virginia_USC00463544_CHCND_Temp_Records.png","West Virginia_USC00463544_4panel.png","West Virginia_USC00463544_GSOM_dnorm.png","West Virginia_USC00463544_KISS.png","West Virginia_USC00463544_GSOM_estPDF.png","West Virginia_USC00463544_4panel.gif","West Virginia_USC00463544_GSOM_dnorm.gif"
