"Date","Source","Site ID","POC","Daily Mean PM2.5 Concentration","UNITS","DAILY_AQI_VALUE","Site Name","DAILY_OBS_COUNT","PERCENT_COMPLETE","AQS_PARAMETER_CODE","AQS_PARAMETER_DESC","CBSA_CODE","CBSA_NAME","STATE_CODE","STATE","COUNTY_CODE","COUNTY","SITE_LATITUDE","SITE_LONGITUDE"
"01/01/2018","AQS","060010012","3","25.1","ug/m3 LC","78","Laney College","1","100.0000","88101","PM2.5 - Local Conditions","41860","San Francisco-Oakland-Hayward, CA","06","California","001","Alameda","37.793624","-122.263376"
"01/02/2018","AQS","060010012","3","31.9","ug/m3 LC","93","Laney College","1","100.0000","88101","PM2.5 - Local Conditions","41860","San Francisco-Oakland-Hayward, CA","06","California","001","Alameda","37.793624","-122.263376"
"01/03/2018","AQS","060010012","3","38.2","ug/m3 LC","108","Laney College","1","100.0000","88101","PM2.5 - Local Conditions","41860","San Francisco-Oakland-Hayward, CA","06","California","001","Alameda","37.793624","-122.263376"
"01/04/2018","AQS","060010012","3","20.9","ug/m3 LC","70","Laney College","1","100.0000","88101","PM2.5 - Local Conditions","41860","San Francisco-Oakland-Hayward, CA","06","California","001","Alameda","37.793624","-122.263376"
"01/05/2018","AQS","060010012","3","8.3","ug/m3 LC","35","Laney College","1","100.0000","88101","PM2.5 - Local Conditions","41860","San Francisco-Oakland-Hayward, CA","06","California","001","Alameda","37.793624","-122.263376"
"01/06/2018","AQS","060010012","3","12.3","ug/m3 LC","51","Laney College","1","100.0000","88101","PM2.5 - Local Conditions","41860","San Francisco-Oakland-Hayward, CA","06","California","001","Alameda","37.793624","-122.263376"
"01/07/2018","AQS","060010012","3","18.7","ug/m3 LC","65","Laney College","1","100.0000","88101","PM2.5 - Local Conditions","41860","San Francisco-Oakland-Hayward, CA","06","California","001","Alameda","37.793624","-122.263376"
"01/08/2018","AQS","060010012","3","12.6","ug/m3 LC","52","Laney College","1","100.0000","88101","PM2.5 - Local Conditions","41860","San Francisco-Oakland-Hayward, CA","06","California","001","Alameda","37.793624","-122.263376"
"01/09/2018","AQS","060010012","3","7.4","ug/m3 LC","31","Laney College","1","100.0000","88101","PM2.5 - Local Conditions","41860","San Francisco-Oakland-Hayward, CA","06","California","001","Alameda","37.793624","-122.263376"
"01/10/2018","AQS","060010012","3","10.5","ug/m3 LC","44","Laney College","1","100.0000","88101","PM2.5 - Local Conditions","41860","San Francisco-Oakland-Hayward, CA","06","California","001","Alameda","37.793624","-122.263376"
"01/11/2018","AQS","060010012","3","16.7","ug/m3 LC","61","Laney College","1","100.0000","88101","PM2.5 - Local Conditions","41860","San Francisco-Oakland-Hayward, CA","06","California","001","Alameda","37.793624","-122.263376"
"01/12/2018","AQS","060010012","3","15.8","ug/m3 LC","59","Laney College","1","100.0000","88101","PM2.5 - Local Conditions","41860","San Francisco-Oakland-Hayward, CA","06","California","001","Alameda","37.793624","-122.263376"
"01/13/2018","AQS","060010012","3","15.7","ug/m3 LC","59","Laney College","1","100.0000","88101","PM2.5 - Local Conditions","41860","San Francisco-Oakland-Hayward, CA","06","California","001","Alameda","37.793624","-122.263376"
"01/14/2018","AQS","060010012","3","27.5","ug/m3 LC","83","Laney College","1","100.0000","88101","PM2.5 - Local Conditions","41860","San Francisco-Oakland-Hayward, CA","06","California","001","Alameda","37.793624","-122.263376"
"01/15/2018","AQS","060010012","3","27","ug/m3 LC","82","Laney College","1","100.0000","88101","PM2.5 - Local Conditions","41860","San Francisco-Oakland-Hayward, CA","06","California","001","Alameda","37.793624","-122.263376"
"01/16/2018","AQS","060010012","3","18.9","ug/m3 LC","65","Laney College","1","100.0000","88101","PM2.5 - Local Conditions","41860","San Francisco-Oakland-Hayward, CA","06","California","001","Alameda","37.793624","-122.263376"
"01/17/2018","AQS","060010012","3","25.1","ug/m3 LC","78","Laney College","1","100.0000","88101","PM2.5 - Local Conditions","41860","San Francisco-Oakland-Hayward, CA","06","California","001","Alameda","37.793624","-122.263376"
"01/18/2018","AQS","060010012","3","19.8","ug/m3 LC","67","Laney College","1","100.0000","88101","PM2.5 - Local Conditions","41860","San Francisco-Oakland-Hayward, CA","06","California","001","Alameda","37.793624","-122.263376"
"01/19/2018","AQS","060010012","3","8.1","ug/m3 LC","34","Laney College","1","100.0000","88101","PM2.5 - Local Conditions","41860","San Francisco-Oakland-Hayward, CA","06","California","001","Alameda","37.793624","-122.263376"
"01/20/2018","AQS","060010012","3","8.3","ug/m3 LC","35","Laney College","1","100.0000","88101","PM2.5 - Local Conditions","41860","San Francisco-Oakland-Hayward, CA","06","California","001","Alameda","37.793624","-122.263376"
"01/21/2018","AQS","060010012","3","13.1","ug/m3 LC","53","Laney College","1","100.0000","88101","PM2.5 - Local Conditions","41860","San Francisco-Oakland-Hayward, CA","06","California","001","Alameda","37.793624","-122.263376"
"01/22/2018","AQS","060010012","3","11.1","ug/m3 LC","46","Laney College","1","100.0000","88101","PM2.5 - Local Conditions","41860","San Francisco-Oakland-Hayward, CA","06","California","001","Alameda","37.793624","-122.263376"
"01/23/2018","AQS","060010012","3","12.2","ug/m3 LC","51","Laney College","1","100.0000","88101","PM2.5 - Local Conditions","41860","San Francisco-Oakland-Hayward, CA","06","California","001","Alameda","37.793624","-122.263376"
"01/24/2018","AQS","060010012","3","13.2","ug/m3 LC","53","Laney College","1","100.0000","88101","PM2.5 - Local Conditions","41860","San Francisco-Oakland-Hayward, CA","06","California","001","Alameda","37.793624","-122.263376"
"01/25/2018","AQS","060010012","3","8.7","ug/m3 LC","36","Laney College","1","100.0000","88101","PM2.5 - Local Conditions","41860","San Francisco-Oakland-Hayward, CA","06","California","001","Alameda","37.793624","-122.263376"
"01/26/2018","AQS","060010012","3","13.1","ug/m3 LC","53","Laney College","1","100.0000","88101","PM2.5 - Local Conditions","41860","San Francisco-Oakland-Hayward, CA","06","California","001","Alameda","37.793624","-122.263376"
"01/27/2018","AQS","060010012","3","10.5","ug/m3 LC","44","Laney College","1","100.0000","88101","PM2.5 - Local Conditions","41860","San Francisco-Oakland-Hayward, CA","06","California","001","Alameda","37.793624","-122.263376"
"01/28/2018","AQS","060010012","3","9.8","ug/m3 LC","41","Laney College","1","100.0000","88101","PM2.5 - Local Conditions","41860","San Francisco-Oakland-Hayward, CA","06","California","001","Alameda","37.793624","-122.263376"
"01/29/2018","AQS","060010012","3","24.2","ug/m3 LC","76","Laney College","1","100.0000","88101","PM2.5 - Local Conditions","41860","San Francisco-Oakland-Hayward, CA","06","California","001","Alameda","37.793624","-122.263376"
"01/30/2018","AQS","060010012","3","17.3","ug/m3 LC","62","Laney College","1","100.0000","88101","PM2.5 - Local Conditions","41860","San Francisco-Oakland-Hayward, CA","06","California","001","Alameda","37.793624","-122.263376"
"01/31/2018","AQS","060010012","3","16.9","ug/m3 LC","61","Laney College","1","100.0000","88101","PM2.5 - Local Conditions","41860","San Francisco-Oakland-Hayward, CA","06","California","001","Alameda","37.793624","-122.263376"
"02/01/2018","AQS","060010012","3","16.9","ug/m3 LC","61","Laney College","1","100.0000","88101","PM2.5 - Local Conditions","41860","San Francisco-Oakland-Hayward, CA","06","California","001","Alameda","37.793624","-122.263376"
"02/02/2018","AQS","060010012","3","16.2","ug/m3 LC","60","Laney College","1","100.0000","88101","PM2.5 - Local Conditions","41860","San Francisco-Oakland-Hayward, CA","06","California","001","Alameda","37.793624","-122.263376"
"02/03/2018","AQS","060010012","3","16","ug/m3 LC","59","Laney College","1","100.0000","88101","PM2.5 - Local Conditions","41860","San Francisco-Oakland-Hayward, CA","06","California","001","Alameda","37.793624","-122.263376"
"02/04/2018","AQS","060010012","3","17.4","ug/m3 LC","62","Laney College","1","100.0000","88101","PM2.5 - Local Conditions","41860","San Francisco-Oakland-Hayward, CA","06","California","001","Alameda","37.793624","-122.263376"
"02/05/2018","AQS","060010012","3","17.8","ug/m3 LC","63","Laney College","1","100.0000","88101","PM2.5 - Local Conditions","41860","San Francisco-Oakland-Hayward, CA","06","California","001","Alameda","37.793624","-122.263376"
"02/06/2018","AQS","060010012","3","10.9","ug/m3 LC","45","Laney College","1","100.0000","88101","PM2.5 - Local Conditions","41860","San Francisco-Oakland-Hayward, CA","06","California","001","Alameda","37.793624","-122.263376"
"02/07/2018","AQS","060010012","3","19","ug/m3 LC","66","Laney College","1","100.0000","88101","PM2.5 - Local Conditions","41860","San Francisco-Oakland-Hayward, CA","06","California","001","Alameda","37.793624","-122.263376"
"02/08/2018","AQS","060010012","3","27.6","ug/m3 LC","84","Laney College","1","100.0000","88101","PM2.5 - Local Conditions","41860","San Francisco-Oakland-Hayward, CA","06","California","001","Alameda","37.793624","-122.263376"
"02/09/2018","AQS","060010012","3","16.2","ug/m3 LC","60","Laney College","1","100.0000","88101","PM2.5 - Local Conditions","41860","San Francisco-Oakland-Hayward, CA","06","California","001","Alameda","37.793624","-122.263376"
"02/10/2018","AQS","060010012","3","9.3","ug/m3 LC","39","Laney College","1","100.0000","88101","PM2.5 - Local Conditions","41860","San Francisco-Oakland-Hayward, CA","06","California","001","Alameda","37.793624","-122.263376"
"02/11/2018","AQS","060010012","3","9.3","ug/m3 LC","39","Laney College","1","100.0000","88101","PM2.5 - Local Conditions","41860","San Francisco-Oakland-Hayward, CA","06","California","001","Alameda","37.793624","-122.263376"
"02/12/2018","AQS","060010012","3","7.3","ug/m3 LC","30","Laney College","1","100.0000","88101","PM2.5 - Local Conditions","41860","San Francisco-Oakland-Hayward, CA","06","California","001","Alameda","37.793624","-122.263376"
"02/13/2018","AQS","060010012","3","7.4","ug/m3 LC","31","Laney College","1","100.0000","88101","PM2.5 - Local Conditions","41860","San Francisco-Oakland-Hayward, CA","06","California","001","Alameda","37.793624","-122.263376"
"02/14/2018","AQS","060010012","3","9.9","ug/m3 LC","41","Laney College","1","100.0000","88101","PM2.5 - Local Conditions","41860","San Francisco-Oakland-Hayward, CA","06","California","001","Alameda","37.793624","-122.263376"
"02/15/2018","AQS","060010012","3","8.6","ug/m3 LC","36","Laney College","1","100.0000","88101","PM2.5 - Local Conditions","41860","San Francisco-Oakland-Hayward, CA","06","California","001","Alameda","37.793624","-122.263376"
"02/16/2018","AQS","060010012","3","14.9","ug/m3 LC","57","Laney College","1","100.0000","88101","PM2.5 - Local Conditions","41860","San Francisco-Oakland-Hayward, CA","06","California","001","Alameda","37.793624","-122.263376"
"02/17/2018","AQS","060010012","3","12","ug/m3 LC","50","Laney College","1","100.0000","88101","PM2.5 - Local Conditions","41860","San Francisco-Oakland-Hayward, CA","06","California","001","Alameda","37.793624","-122.263376"
"02/18/2018","AQS","060010012","3","6.1","ug/m3 LC","25","Laney College","1","100.0000","88101","PM2.5 - Local Conditions","41860","San Francisco-Oakland-Hayward, CA","06","California","001","Alameda","37.793624","-122.263376"
"02/19/2018","AQS","060010012","3","5.4","ug/m3 LC","23","Laney College","1","100.0000","88101","PM2.5 - Local Conditions","41860","San Francisco-Oakland-Hayward, CA","06","California","001","Alameda","37.793624","-122.263376"
"02/20/2018","AQS","060010012","3","7.5","ug/m3 LC","31","Laney College","1","100.0000","88101","PM2.5 - Local Conditions","41860","San Francisco-Oakland-Hayward, CA","06","California","001","Alameda","37.793624","-122.263376"
"02/21/2018","AQS","060010012","3","9.3","ug/m3 LC","39","Laney College","1","100.0000","88101","PM2.5 - Local Conditions","41860","San Francisco-Oakland-Hayward, CA","06","California","001","Alameda","37.793624","-122.263376"
"02/22/2018","AQS","060010012","3","8.5","ug/m3 LC","35","Laney College","1","100.0000","88101","PM2.5 - Local Conditions","41860","San Francisco-Oakland-Hayward, CA","06","California","001","Alameda","37.793624","-122.263376"
"02/23/2018","AQS","060010012","3","8","ug/m3 LC","33","Laney College","1","100.0000","88101","PM2.5 - Local Conditions","41860","San Francisco-Oakland-Hayward, CA","06","California","001","Alameda","37.793624","-122.263376"
"02/24/2018","AQS","060010012","3","8.8","ug/m3 LC","37","Laney College","1","100.0000","88101","PM2.5 - Local Conditions","41860","San Francisco-Oakland-Hayward, CA","06","California","001","Alameda","37.793624","-122.263376"
"02/25/2018","AQS","060010012","3","11.6","ug/m3 LC","48","Laney College","1","100.0000","88101","PM2.5 - Local Conditions","41860","San Francisco-Oakland-Hayward, CA","06","California","001","Alameda","37.793624","-122.263376"
"02/26/2018","AQS","060010012","3","7.2","ug/m3 LC","30","Laney College","1","100.0000","88101","PM2.5 - Local Conditions","41860","San Francisco-Oakland-Hayward, CA","06","California","001","Alameda","37.793624","-122.263376"
"02/27/2018","AQS","060010012","3","6.5","ug/m3 LC","27","Laney College","1","100.0000","88101","PM2.5 - Local Conditions","41860","San Francisco-Oakland-Hayward, CA","06","California","001","Alameda","37.793624","-122.263376"
"02/28/2018","AQS","060010012","3","8","ug/m3 LC","33","Laney College","1","100.0000","88101","PM2.5 - Local Conditions","41860","San Francisco-Oakland-Hayward, CA","06","California","001","Alameda","37.793624","-122.263376"
"03/01/2018","AQS","060010012","3","7.5","ug/m3 LC","31","Laney College","1","100.0000","88101","PM2.5 - Local Conditions","41860","San Francisco-Oakland-Hayward, CA","06","California","001","Alameda","37.793624","-122.263376"
"03/02/2018","AQS","060010012","3","8","ug/m3 LC","33","Laney College","1","100.0000","88101","PM2.5 - Local Conditions","41860","San Francisco-Oakland-Hayward, CA","06","California","001","Alameda","37.793624","-122.263376"
"03/03/2018","AQS","060010012","3","6","ug/m3 LC","25","Laney College","1","100.0000","88101","PM2.5 - Local Conditions","41860","San Francisco-Oakland-Hayward, CA","06","California","001","Alameda","37.793624","-122.263376"
"03/04/2018","AQS","060010012","3","8.3","ug/m3 LC","35","Laney College","1","100.0000","88101","PM2.5 - Local Conditions","41860","San Francisco-Oakland-Hayward, CA","06","California","001","Alameda","37.793624","-122.263376"
"03/05/2018","AQS","060010012","3","5.9","ug/m3 LC","25","Laney College","1","100.0000","88101","PM2.5 - Local Conditions","41860","San Francisco-Oakland-Hayward, CA","06","California","001","Alameda","37.793624","-122.263376"
"03/06/2018","AQS","060010012","3","12.7","ug/m3 LC","52","Laney College","1","100.0000","88101","PM2.5 - Local Conditions","41860","San Francisco-Oakland-Hayward, CA","06","California","001","Alameda","37.793624","-122.263376"
"03/07/2018","AQS","060010012","3","11.8","ug/m3 LC","49","Laney College","1","100.0000","88101","PM2.5 - Local Conditions","41860","San Francisco-Oakland-Hayward, CA","06","California","001","Alameda","37.793624","-122.263376"
"03/08/2018","AQS","060010012","3","6.7","ug/m3 LC","28","Laney College","1","100.0000","88101","PM2.5 - Local Conditions","41860","San Francisco-Oakland-Hayward, CA","06","California","001","Alameda","37.793624","-122.263376"
"03/09/2018","AQS","060010012","3","11.7","ug/m3 LC","49","Laney College","1","100.0000","88101","PM2.5 - Local Conditions","41860","San Francisco-Oakland-Hayward, CA","06","California","001","Alameda","37.793624","-122.263376"
"03/10/2018","AQS","060010012","3","15.2","ug/m3 LC","58","Laney College","1","100.0000","88101","PM2.5 - Local Conditions","41860","San Francisco-Oakland-Hayward, CA","06","California","001","Alameda","37.793624","-122.263376"
"03/11/2018","AQS","060010012","3","18.2","ug/m3 LC","64","Laney College","1","100.0000","88101","PM2.5 - Local Conditions","41860","San Francisco-Oakland-Hayward, CA","06","California","001","Alameda","37.793624","-122.263376"
"03/12/2018","AQS","060010012","3","12.4","ug/m3 LC","52","Laney College","1","100.0000","88101","PM2.5 - Local Conditions","41860","San Francisco-Oakland-Hayward, CA","06","California","001","Alameda","37.793624","-122.263376"
"03/13/2018","AQS","060010012","3","6.5","ug/m3 LC","27","Laney College","1","100.0000","88101","PM2.5 - Local Conditions","41860","San Francisco-Oakland-Hayward, CA","06","California","001","Alameda","37.793624","-122.263376"
"03/14/2018","AQS","060010012","3","7.1","ug/m3 LC","30","Laney College","1","100.0000","88101","PM2.5 - Local Conditions","41860","San Francisco-Oakland-Hayward, CA","06","California","001","Alameda","37.793624","-122.263376"
"03/15/2018","AQS","060010012","3","6.5","ug/m3 LC","27","Laney College","1","100.0000","88101","PM2.5 - Local Conditions","41860","San Francisco-Oakland-Hayward, CA","06","California","001","Alameda","37.793624","-122.263376"
"03/16/2018","AQS","060010012","3","6.7","ug/m3 LC","28","Laney College","1","100.0000","88101","PM2.5 - Local Conditions","41860","San Francisco-Oakland-Hayward, CA","06","California","001","Alameda","37.793624","-122.263376"
"03/17/2018","AQS","060010012","3","6","ug/m3 LC","25","Laney College","1","100.0000","88101","PM2.5 - Local Conditions","41860","San Francisco-Oakland-Hayward, CA","06","California","001","Alameda","37.793624","-122.263376"
"03/18/2018","AQS","060010012","3","12","ug/m3 LC","50","Laney College","1","100.0000","88101","PM2.5 - Local Conditions","41860","San Francisco-Oakland-Hayward, CA","06","California","001","Alameda","37.793624","-122.263376"
"03/19/2018","AQS","060010012","3","9.7","ug/m3 LC","40","Laney College","1","100.0000","88101","PM2.5 - Local Conditions","41860","San Francisco-Oakland-Hayward, CA","06","California","001","Alameda","37.793624","-122.263376"
"03/20/2018","AQS","060010012","3","9.8","ug/m3 LC","41","Laney College","1","100.0000","88101","PM2.5 - Local Conditions","41860","San Francisco-Oakland-Hayward, CA","06","California","001","Alameda","37.793624","-122.263376"
"03/21/2018","AQS","060010012","3","5.6","ug/m3 LC","23","Laney College","1","100.0000","88101","PM2.5 - Local Conditions","41860","San Francisco-Oakland-Hayward, CA","06","California","001","Alameda","37.793624","-122.263376"
"03/22/2018","AQS","060010012","3","8.8","ug/m3 LC","37","Laney College","1","100.0000","88101","PM2.5 - Local Conditions","41860","San Francisco-Oakland-Hayward, CA","06","California","001","Alameda","37.793624","-122.263376"
"03/23/2018","AQS","060010012","3","7.9","ug/m3 LC","33","Laney College","1","100.0000","88101","PM2.5 - Local Conditions","41860","San Francisco-Oakland-Hayward, CA","06","California","001","Alameda","37.793624","-122.263376"
"03/24/2018","AQS","060010012","3","6.7","ug/m3 LC","28","Laney College","1","100.0000","88101","PM2.5 - Local Conditions","41860","San Francisco-Oakland-Hayward, CA","06","California","001","Alameda","37.793624","-122.263376"
"03/25/2018","AQS","060010012","3","7.5","ug/m3 LC","31","Laney College","1","100.0000","88101","PM2.5 - Local Conditions","41860","San Francisco-Oakland-Hayward, CA","06","California","001","Alameda","37.793624","-122.263376"
"03/26/2018","AQS","060010012","3","7.5","ug/m3 LC","31","Laney College","1","100.0000","88101","PM2.5 - Local Conditions","41860","San Francisco-Oakland-Hayward, CA","06","California","001","Alameda","37.793624","-122.263376"
"03/27/2018","AQS","060010012","3","12.6","ug/m3 LC","52","Laney College","1","100.0000","88101","PM2.5 - Local Conditions","41860","San Francisco-Oakland-Hayward, CA","06","California","001","Alameda","37.793624","-122.263376"
"03/28/2018","AQS","060010012","3","14.6","ug/m3 LC","56","Laney College","1","100.0000","88101","PM2.5 - Local Conditions","41860","San Francisco-Oakland-Hayward, CA","06","California","001","Alameda","37.793624","-122.263376"
"03/29/2018","AQS","060010012","3","14","ug/m3 LC","55","Laney College","1","100.0000","88101","PM2.5 - Local Conditions","41860","San Francisco-Oakland-Hayward, CA","06","California","001","Alameda","37.793624","-122.263376"
"03/30/2018","AQS","060010012","3","16.1","ug/m3 LC","59","Laney College","1","100.0000","88101","PM2.5 - Local Conditions","41860","San Francisco-Oakland-Hayward, CA","06","California","001","Alameda","37.793624","-122.263376"
"03/31/2018","AQS","060010012","3","15","ug/m3 LC","57","Laney College","1","100.0000","88101","PM2.5 - Local Conditions","41860","San Francisco-Oakland-Hayward, CA","06","California","001","Alameda","37.793624","-122.263376"
"04/01/2018","AQS","060010012","3","16.3","ug/m3 LC","60","Laney College","1","100.0000","88101","PM2.5 - Local Conditions","41860","San Francisco-Oakland-Hayward, CA","06","California","001","Alameda","37.793624","-122.263376"
"04/02/2018","AQS","060010012","3","14.2","ug/m3 LC","55","Laney College","1","100.0000","88101","PM2.5 - Local Conditions","41860","San Francisco-Oakland-Hayward, CA","06","California","001","Alameda","37.793624","-122.263376"
"04/03/2018","AQS","060010012","3","15.6","ug/m3 LC","58","Laney College","1","100.0000","88101","PM2.5 - Local Conditions","41860","San Francisco-Oakland-Hayward, CA","06","California","001","Alameda","37.793624","-122.263376"
"04/04/2018","AQS","060010012","3","10","ug/m3 LC","42","Laney College","1","100.0000","88101","PM2.5 - Local Conditions","41860","San Francisco-Oakland-Hayward, CA","06","California","001","Alameda","37.793624","-122.263376"
"04/05/2018","AQS","060010012","3","9.5","ug/m3 LC","40","Laney College","1","100.0000","88101","PM2.5 - Local Conditions","41860","San Francisco-Oakland-Hayward, CA","06","California","001","Alameda","37.793624","-122.263376"
"04/06/2018","AQS","060010012","3","5.7","ug/m3 LC","24","Laney College","1","100.0000","88101","PM2.5 - Local Conditions","41860","San Francisco-Oakland-Hayward, CA","06","California","001","Alameda","37.793624","-122.263376"
"04/07/2018","AQS","060010012","3","11.5","ug/m3 LC","48","Laney College","1","100.0000","88101","PM2.5 - Local Conditions","41860","San Francisco-Oakland-Hayward, CA","06","California","001","Alameda","37.793624","-122.263376"
"04/08/2018","AQS","060010012","3","12.2","ug/m3 LC","51","Laney College","1","100.0000","88101","PM2.5 - Local Conditions","41860","San Francisco-Oakland-Hayward, CA","06","California","001","Alameda","37.793624","-122.263376"
"04/09/2018","AQS","060010012","3","14.7","ug/m3 LC","56","Laney College","1","100.0000","88101","PM2.5 - Local Conditions","41860","San Francisco-Oakland-Hayward, CA","06","California","001","Alameda","37.793624","-122.263376"
"04/10/2018","AQS","060010012","3","11","ug/m3 LC","46","Laney College","1","100.0000","88101","PM2.5 - Local Conditions","41860","San Francisco-Oakland-Hayward, CA","06","California","001","Alameda","37.793624","-122.263376"
"04/11/2018","AQS","060010012","3","9.1","ug/m3 LC","38","Laney College","1","100.0000","88101","PM2.5 - Local Conditions","41860","San Francisco-Oakland-Hayward, CA","06","California","001","Alameda","37.793624","-122.263376"
"04/12/2018","AQS","060010012","3","9.6","ug/m3 LC","40","Laney College","1","100.0000","88101","PM2.5 - Local Conditions","41860","San Francisco-Oakland-Hayward, CA","06","California","001","Alameda","37.793624","-122.263376"
"04/13/2018","AQS","060010012","3","11","ug/m3 LC","46","Laney College","1","100.0000","88101","PM2.5 - Local Conditions","41860","San Francisco-Oakland-Hayward, CA","06","California","001","Alameda","37.793624","-122.263376"
"04/14/2018","AQS","060010012","3","16.2","ug/m3 LC","60","Laney College","1","100.0000","88101","PM2.5 - Local Conditions","41860","San Francisco-Oakland-Hayward, CA","06","California","001","Alameda","37.793624","-122.263376"
"04/15/2018","AQS","060010012","3","13.8","ug/m3 LC","55","Laney College","1","100.0000","88101","PM2.5 - Local Conditions","41860","San Francisco-Oakland-Hayward, CA","06","California","001","Alameda","37.793624","-122.263376"
"04/16/2018","AQS","060010012","3","5.5","ug/m3 LC","23","Laney College","1","100.0000","88101","PM2.5 - Local Conditions","41860","San Francisco-Oakland-Hayward, CA","06","California","001","Alameda","37.793624","-122.263376"
"04/17/2018","AQS","060010012","3","5.2","ug/m3 LC","22","Laney College","1","100.0000","88101","PM2.5 - Local Conditions","41860","San Francisco-Oakland-Hayward, CA","06","California","001","Alameda","37.793624","-122.263376"
"04/18/2018","AQS","060010012","3","6","ug/m3 LC","25","Laney College","1","100.0000","88101","PM2.5 - Local Conditions","41860","San Francisco-Oakland-Hayward, CA","06","California","001","Alameda","37.793624","-122.263376"
"04/19/2018","AQS","060010012","3","8.5","ug/m3 LC","35","Laney College","1","100.0000","88101","PM2.5 - Local Conditions","41860","San Francisco-Oakland-Hayward, CA","06","California","001","Alameda","37.793624","-122.263376"
"04/20/2018","AQS","060010012","3","13.2","ug/m3 LC","53","Laney College","1","100.0000","88101","PM2.5 - Local Conditions","41860","San Francisco-Oakland-Hayward, CA","06","California","001","Alameda","37.793624","-122.263376"
"04/21/2018","AQS","060010012","3","12.7","ug/m3 LC","52","Laney College","1","100.0000","88101","PM2.5 - Local Conditions","41860","San Francisco-Oakland-Hayward, CA","06","California","001","Alameda","37.793624","-122.263376"
"04/22/2018","AQS","060010012","3","17.5","ug/m3 LC","62","Laney College","1","100.0000","88101","PM2.5 - Local Conditions","41860","San Francisco-Oakland-Hayward, CA","06","California","001","Alameda","37.793624","-122.263376"
"04/23/2018","AQS","060010012","3","19.2","ug/m3 LC","66","Laney College","1","100.0000","88101","PM2.5 - Local Conditions","41860","San Francisco-Oakland-Hayward, CA","06","California","001","Alameda","37.793624","-122.263376"
"04/24/2018","AQS","060010012","3","16.4","ug/m3 LC","60","Laney College","1","100.0000","88101","PM2.5 - Local Conditions","41860","San Francisco-Oakland-Hayward, CA","06","California","001","Alameda","37.793624","-122.263376"
"04/25/2018","AQS","060010012","3","12.9","ug/m3 LC","53","Laney College","1","100.0000","88101","PM2.5 - Local Conditions","41860","San Francisco-Oakland-Hayward, CA","06","California","001","Alameda","37.793624","-122.263376"
"04/26/2018","AQS","060010012","3","11.6","ug/m3 LC","48","Laney College","1","100.0000","88101","PM2.5 - Local Conditions","41860","San Francisco-Oakland-Hayward, CA","06","California","001","Alameda","37.793624","-122.263376"
"04/27/2018","AQS","060010012","3","9.7","ug/m3 LC","40","Laney College","1","100.0000","88101","PM2.5 - Local Conditions","41860","San Francisco-Oakland-Hayward, CA","06","California","001","Alameda","37.793624","-122.263376"
"04/28/2018","AQS","060010012","3","5.9","ug/m3 LC","25","Laney College","1","100.0000","88101","PM2.5 - Local Conditions","41860","San Francisco-Oakland-Hayward, CA","06","California","001","Alameda","37.793624","-122.263376"
"04/29/2018","AQS","060010012","3","4.7","ug/m3 LC","20","Laney College","1","100.0000","88101","PM2.5 - Local Conditions","41860","San Francisco-Oakland-Hayward, CA","06","California","001","Alameda","37.793624","-122.263376"
"04/30/2018","AQS","060010012","3","9.4","ug/m3 LC","39","Laney College","1","100.0000","88101","PM2.5 - Local Conditions","41860","San Francisco-Oakland-Hayward, CA","06","California","001","Alameda","37.793624","-122.263376"
"05/01/2018","AQS","060010012","3","12.2","ug/m3 LC","51","Laney College","1","100.0000","88101","PM2.5 - Local Conditions","41860","San Francisco-Oakland-Hayward, CA","06","California","001","Alameda","37.793624","-122.263376"
"05/02/2018","AQS","060010012","3","10.9","ug/m3 LC","45","Laney College","1","100.0000","88101","PM2.5 - Local Conditions","41860","San Francisco-Oakland-Hayward, CA","06","California","001","Alameda","37.793624","-122.263376"
"05/03/2018","AQS","060010012","3","8.9","ug/m3 LC","37","Laney College","1","100.0000","88101","PM2.5 - Local Conditions","41860","San Francisco-Oakland-Hayward, CA","06","California","001","Alameda","37.793624","-122.263376"
"05/04/2018","AQS","060010012","3","9.3","ug/m3 LC","39","Laney College","1","100.0000","88101","PM2.5 - Local Conditions","41860","San Francisco-Oakland-Hayward, CA","06","California","001","Alameda","37.793624","-122.263376"
"05/05/2018","AQS","060010012","3","7.7","ug/m3 LC","32","Laney College","1","100.0000","88101","PM2.5 - Local Conditions","41860","San Francisco-Oakland-Hayward, CA","06","California","001","Alameda","37.793624","-122.263376"
"05/06/2018","AQS","060010012","3","5","ug/m3 LC","21","Laney College","1","100.0000","88101","PM2.5 - Local Conditions","41860","San Francisco-Oakland-Hayward, CA","06","California","001","Alameda","37.793624","-122.263376"
"05/07/2018","AQS","060010012","3","7","ug/m3 LC","29","Laney College","1","100.0000","88101","PM2.5 - Local Conditions","41860","San Francisco-Oakland-Hayward, CA","06","California","001","Alameda","37.793624","-122.263376"
"05/08/2018","AQS","060010012","3","6.3","ug/m3 LC","26","Laney College","1","100.0000","88101","PM2.5 - Local Conditions","41860","San Francisco-Oakland-Hayward, CA","06","California","001","Alameda","37.793624","-122.263376"
"05/09/2018","AQS","060010012","3","7.2","ug/m3 LC","30","Laney College","1","100.0000","88101","PM2.5 - Local Conditions","41860","San Francisco-Oakland-Hayward, CA","06","California","001","Alameda","37.793624","-122.263376"
"05/10/2018","AQS","060010012","3","11","ug/m3 LC","46","Laney College","1","100.0000","88101","PM2.5 - Local Conditions","41860","San Francisco-Oakland-Hayward, CA","06","California","001","Alameda","37.793624","-122.263376"
"05/11/2018","AQS","060010012","3","13.4","ug/m3 LC","54","Laney College","1","100.0000","88101","PM2.5 - Local Conditions","41860","San Francisco-Oakland-Hayward, CA","06","California","001","Alameda","37.793624","-122.263376"
"05/12/2018","AQS","060010012","3","10.6","ug/m3 LC","44","Laney College","1","100.0000","88101","PM2.5 - Local Conditions","41860","San Francisco-Oakland-Hayward, CA","06","California","001","Alameda","37.793624","-122.263376"
"05/13/2018","AQS","060010012","3","9.7","ug/m3 LC","40","Laney College","1","100.0000","88101","PM2.5 - Local Conditions","41860","San Francisco-Oakland-Hayward, CA","06","California","001","Alameda","37.793624","-122.263376"
"05/14/2018","AQS","060010012","3","5","ug/m3 LC","21","Laney College","1","100.0000","88101","PM2.5 - Local Conditions","41860","San Francisco-Oakland-Hayward, CA","06","California","001","Alameda","37.793624","-122.263376"
"05/15/2018","AQS","060010012","3","3.6","ug/m3 LC","15","Laney College","1","100.0000","88101","PM2.5 - Local Conditions","41860","San Francisco-Oakland-Hayward, CA","06","California","001","Alameda","37.793624","-122.263376"
"05/16/2018","AQS","060010012","3","4.9","ug/m3 LC","20","Laney College","1","100.0000","88101","PM2.5 - Local Conditions","41860","San Francisco-Oakland-Hayward, CA","06","California","001","Alameda","37.793624","-122.263376"
"05/17/2018","AQS","060010012","3","6.1","ug/m3 LC","25","Laney College","1","100.0000","88101","PM2.5 - Local Conditions","41860","San Francisco-Oakland-Hayward, CA","06","California","001","Alameda","37.793624","-122.263376"
"05/18/2018","AQS","060010012","3","6.2","ug/m3 LC","26","Laney College","1","100.0000","88101","PM2.5 - Local Conditions","41860","San Francisco-Oakland-Hayward, CA","06","California","001","Alameda","37.793624","-122.263376"
"05/19/2018","AQS","060010012","3","7.2","ug/m3 LC","30","Laney College","1","100.0000","88101","PM2.5 - Local Conditions","41860","San Francisco-Oakland-Hayward, CA","06","California","001","Alameda","37.793624","-122.263376"
"05/20/2018","AQS","060010012","3","9.8","ug/m3 LC","41","Laney College","1","100.0000","88101","PM2.5 - Local Conditions","41860","San Francisco-Oakland-Hayward, CA","06","California","001","Alameda","37.793624","-122.263376"
"05/21/2018","AQS","060010012","3","10.9","ug/m3 LC","45","Laney College","1","100.0000","88101","PM2.5 - Local Conditions","41860","San Francisco-Oakland-Hayward, CA","06","California","001","Alameda","37.793624","-122.263376"
"05/22/2018","AQS","060010012","3","7.6","ug/m3 LC","32","Laney College","1","100.0000","88101","PM2.5 - Local Conditions","41860","San Francisco-Oakland-Hayward, CA","06","California","001","Alameda","37.793624","-122.263376"
"05/23/2018","AQS","060010012","3","3.8","ug/m3 LC","16","Laney College","1","100.0000","88101","PM2.5 - Local Conditions","41860","San Francisco-Oakland-Hayward, CA","06","California","001","Alameda","37.793624","-122.263376"
"05/24/2018","AQS","060010012","3","5.2","ug/m3 LC","22","Laney College","1","100.0000","88101","PM2.5 - Local Conditions","41860","San Francisco-Oakland-Hayward, CA","06","California","001","Alameda","37.793624","-122.263376"
"05/25/2018","AQS","060010012","3","4.1","ug/m3 LC","17","Laney College","1","100.0000","88101","PM2.5 - Local Conditions","41860","San Francisco-Oakland-Hayward, CA","06","California","001","Alameda","37.793624","-122.263376"
"05/26/2018","AQS","060010012","3","7.3","ug/m3 LC","30","Laney College","1","100.0000","88101","PM2.5 - Local Conditions","41860","San Francisco-Oakland-Hayward, CA","06","California","001","Alameda","37.793624","-122.263376"
"05/27/2018","AQS","060010012","3","11.8","ug/m3 LC","49","Laney College","1","100.0000","88101","PM2.5 - Local Conditions","41860","San Francisco-Oakland-Hayward, CA","06","California","001","Alameda","37.793624","-122.263376"
"05/28/2018","AQS","060010012","3","15.7","ug/m3 LC","59","Laney College","1","100.0000","88101","PM2.5 - Local Conditions","41860","San Francisco-Oakland-Hayward, CA","06","California","001","Alameda","37.793624","-122.263376"
"05/29/2018","AQS","060010012","3","21.1","ug/m3 LC","70","Laney College","1","100.0000","88101","PM2.5 - Local Conditions","41860","San Francisco-Oakland-Hayward, CA","06","California","001","Alameda","37.793624","-122.263376"
"05/30/2018","AQS","060010012","3","14.8","ug/m3 LC","57","Laney College","1","100.0000","88101","PM2.5 - Local Conditions","41860","San Francisco-Oakland-Hayward, CA","06","California","001","Alameda","37.793624","-122.263376"
"05/31/2018","AQS","060010012","3","9.7","ug/m3 LC","40","Laney College","1","100.0000","88101","PM2.5 - Local Conditions","41860","San Francisco-Oakland-Hayward, CA","06","California","001","Alameda","37.793624","-122.263376"
"06/01/2018","AQS","060010012","3","10.2","ug/m3 LC","43","Laney College","1","100.0000","88101","PM2.5 - Local Conditions","41860","San Francisco-Oakland-Hayward, CA","06","California","001","Alameda","37.793624","-122.263376"
"06/02/2018","AQS","060010012","3","13","ug/m3 LC","53","Laney College","1","100.0000","88101","PM2.5 - Local Conditions","41860","San Francisco-Oakland-Hayward, CA","06","California","001","Alameda","37.793624","-122.263376"
"06/03/2018","AQS","060010012","3","16.7","ug/m3 LC","61","Laney College","1","100.0000","88101","PM2.5 - Local Conditions","41860","San Francisco-Oakland-Hayward, CA","06","California","001","Alameda","37.793624","-122.263376"
"06/04/2018","AQS","060010012","3","13.3","ug/m3 LC","54","Laney College","1","100.0000","88101","PM2.5 - Local Conditions","41860","San Francisco-Oakland-Hayward, CA","06","California","001","Alameda","37.793624","-122.263376"
"06/05/2018","AQS","060010012","3","12.1","ug/m3 LC","51","Laney College","1","100.0000","88101","PM2.5 - Local Conditions","41860","San Francisco-Oakland-Hayward, CA","06","California","001","Alameda","37.793624","-122.263376"
"06/06/2018","AQS","060010012","3","9.8","ug/m3 LC","41","Laney College","1","100.0000","88101","PM2.5 - Local Conditions","41860","San Francisco-Oakland-Hayward, CA","06","California","001","Alameda","37.793624","-122.263376"
"06/07/2018","AQS","060010012","3","9.2","ug/m3 LC","38","Laney College","1","100.0000","88101","PM2.5 - Local Conditions","41860","San Francisco-Oakland-Hayward, CA","06","California","001","Alameda","37.793624","-122.263376"
"06/08/2018","AQS","060010012","3","8.6","ug/m3 LC","36","Laney College","1","100.0000","88101","PM2.5 - Local Conditions","41860","San Francisco-Oakland-Hayward, CA","06","California","001","Alameda","37.793624","-122.263376"
"06/09/2018","AQS","060010012","3","5.5","ug/m3 LC","23","Laney College","1","100.0000","88101","PM2.5 - Local Conditions","41860","San Francisco-Oakland-Hayward, CA","06","California","001","Alameda","37.793624","-122.263376"
"06/10/2018","AQS","060010012","3","7","ug/m3 LC","29","Laney College","1","100.0000","88101","PM2.5 - Local Conditions","41860","San Francisco-Oakland-Hayward, CA","06","California","001","Alameda","37.793624","-122.263376"
"06/11/2018","AQS","060010012","3","9.5","ug/m3 LC","40","Laney College","1","100.0000","88101","PM2.5 - Local Conditions","41860","San Francisco-Oakland-Hayward, CA","06","California","001","Alameda","37.793624","-122.263376"
"06/12/2018","AQS","060010012","3","15.4","ug/m3 LC","58","Laney College","1","100.0000","88101","PM2.5 - Local Conditions","41860","San Francisco-Oakland-Hayward, CA","06","California","001","Alameda","37.793624","-122.263376"
"06/13/2018","AQS","060010012","3","15.2","ug/m3 LC","58","Laney College","1","100.0000","88101","PM2.5 - Local Conditions","41860","San Francisco-Oakland-Hayward, CA","06","California","001","Alameda","37.793624","-122.263376"
"06/14/2018","AQS","060010012","3","13.8","ug/m3 LC","55","Laney College","1","100.0000","88101","PM2.5 - Local Conditions","41860","San Francisco-Oakland-Hayward, CA","06","California","001","Alameda","37.793624","-122.263376"
"06/15/2018","AQS","060010012","3","12.7","ug/m3 LC","52","Laney College","1","100.0000","88101","PM2.5 - Local Conditions","41860","San Francisco-Oakland-Hayward, CA","06","California","001","Alameda","37.793624","-122.263376"
"06/16/2018","AQS","060010012","3","10.4","ug/m3 LC","43","Laney College","1","100.0000","88101","PM2.5 - Local Conditions","41860","San Francisco-Oakland-Hayward, CA","06","California","001","Alameda","37.793624","-122.263376"
"06/17/2018","AQS","060010012","3","10.6","ug/m3 LC","44","Laney College","1","100.0000","88101","PM2.5 - Local Conditions","41860","San Francisco-Oakland-Hayward, CA","06","California","001","Alameda","37.793624","-122.263376"
"06/18/2018","AQS","060010012","3","9.8","ug/m3 LC","41","Laney College","1","100.0000","88101","PM2.5 - Local Conditions","41860","San Francisco-Oakland-Hayward, CA","06","California","001","Alameda","37.793624","-122.263376"
"06/19/2018","AQS","060010012","3","8.7","ug/m3 LC","36","Laney College","1","100.0000","88101","PM2.5 - Local Conditions","41860","San Francisco-Oakland-Hayward, CA","06","California","001","Alameda","37.793624","-122.263376"
"06/20/2018","AQS","060010012","3","7.1","ug/m3 LC","30","Laney College","1","100.0000","88101","PM2.5 - Local Conditions","41860","San Francisco-Oakland-Hayward, CA","06","California","001","Alameda","37.793624","-122.263376"
"06/21/2018","AQS","060010012","3","8.3","ug/m3 LC","35","Laney College","1","100.0000","88101","PM2.5 - Local Conditions","41860","San Francisco-Oakland-Hayward, CA","06","California","001","Alameda","37.793624","-122.263376"
"06/22/2018","AQS","060010012","3","15.1","ug/m3 LC","57","Laney College","1","100.0000","88101","PM2.5 - Local Conditions","41860","San Francisco-Oakland-Hayward, CA","06","California","001","Alameda","37.793624","-122.263376"
"06/23/2018","AQS","060010012","3","16.7","ug/m3 LC","61","Laney College","1","100.0000","88101","PM2.5 - Local Conditions","41860","San Francisco-Oakland-Hayward, CA","06","California","001","Alameda","37.793624","-122.263376"
"06/24/2018","AQS","060010012","3","9","ug/m3 LC","38","Laney College","1","100.0000","88101","PM2.5 - Local Conditions","41860","San Francisco-Oakland-Hayward, CA","06","California","001","Alameda","37.793624","-122.263376"
"06/25/2018","AQS","060010012","3","6.8","ug/m3 LC","28","Laney College","1","100.0000","88101","PM2.5 - Local Conditions","41860","San Francisco-Oakland-Hayward, CA","06","California","001","Alameda","37.793624","-122.263376"
"06/26/2018","AQS","060010012","3","15.4","ug/m3 LC","58","Laney College","1","100.0000","88101","PM2.5 - Local Conditions","41860","San Francisco-Oakland-Hayward, CA","06","California","001","Alameda","37.793624","-122.263376"
"06/27/2018","AQS","060010012","3","14.8","ug/m3 LC","57","Laney College","1","100.0000","88101","PM2.5 - Local Conditions","41860","San Francisco-Oakland-Hayward, CA","06","California","001","Alameda","37.793624","-122.263376"
"06/28/2018","AQS","060010012","3","15.7","ug/m3 LC","59","Laney College","1","100.0000","88101","PM2.5 - Local Conditions","41860","San Francisco-Oakland-Hayward, CA","06","California","001","Alameda","37.793624","-122.263376"
"06/29/2018","AQS","060010012","3","16.7","ug/m3 LC","61","Laney College","1","100.0000","88101","PM2.5 - Local Conditions","41860","San Francisco-Oakland-Hayward, CA","06","California","001","Alameda","37.793624","-122.263376"
"06/30/2018","AQS","060010012","3","15.5","ug/m3 LC","58","Laney College","1","100.0000","88101","PM2.5 - Local Conditions","41860","San Francisco-Oakland-Hayward, CA","06","California","001","Alameda","37.793624","-122.263376"
"07/01/2018","AQS","060010012","3","7.4","ug/m3 LC","31","Laney College","1","100.0000","88101","PM2.5 - Local Conditions","41860","San Francisco-Oakland-Hayward, CA","06","California","001","Alameda","37.793624","-122.263376"
"07/02/2018","AQS","060010012","3","7.7","ug/m3 LC","32","Laney College","1","100.0000","88101","PM2.5 - Local Conditions","41860","San Francisco-Oakland-Hayward, CA","06","California","001","Alameda","37.793624","-122.263376"
"07/03/2018","AQS","060010012","3","15.2","ug/m3 LC","58","Laney College","1","100.0000","88101","PM2.5 - Local Conditions","41860","San Francisco-Oakland-Hayward, CA","06","California","001","Alameda","37.793624","-122.263376"
"07/04/2018","AQS","060010012","3","11.3","ug/m3 LC","47","Laney College","1","100.0000","88101","PM2.5 - Local Conditions","41860","San Francisco-Oakland-Hayward, CA","06","California","001","Alameda","37.793624","-122.263376"
"07/05/2018","AQS","060010012","3","11.4","ug/m3 LC","48","Laney College","1","100.0000","88101","PM2.5 - Local Conditions","41860","San Francisco-Oakland-Hayward, CA","06","California","001","Alameda","37.793624","-122.263376"
"07/06/2018","AQS","060010012","3","13.2","ug/m3 LC","53","Laney College","1","100.0000","88101","PM2.5 - Local Conditions","41860","San Francisco-Oakland-Hayward, CA","06","California","001","Alameda","37.793624","-122.263376"
"07/07/2018","AQS","060010012","3","11.9","ug/m3 LC","50","Laney College","1","100.0000","88101","PM2.5 - Local Conditions","41860","San Francisco-Oakland-Hayward, CA","06","California","001","Alameda","37.793624","-122.263376"
"07/08/2018","AQS","060010012","3","12.5","ug/m3 LC","52","Laney College","1","100.0000","88101","PM2.5 - Local Conditions","41860","San Francisco-Oakland-Hayward, CA","06","California","001","Alameda","37.793624","-122.263376"
"07/09/2018","AQS","060010012","3","13.2","ug/m3 LC","53","Laney College","1","100.0000","88101","PM2.5 - Local Conditions","41860","San Francisco-Oakland-Hayward, CA","06","California","001","Alameda","37.793624","-122.263376"
"07/10/2018","AQS","060010012","3","12.3","ug/m3 LC","51","Laney College","1","100.0000","88101","PM2.5 - Local Conditions","41860","San Francisco-Oakland-Hayward, CA","06","California","001","Alameda","37.793624","-122.263376"
"07/11/2018","AQS","060010012","3","9.3","ug/m3 LC","39","Laney College","1","100.0000","88101","PM2.5 - Local Conditions","41860","San Francisco-Oakland-Hayward, CA","06","California","001","Alameda","37.793624","-122.263376"
"07/12/2018","AQS","060010012","3","8.2","ug/m3 LC","34","Laney College","1","100.0000","88101","PM2.5 - Local Conditions","41860","San Francisco-Oakland-Hayward, CA","06","California","001","Alameda","37.793624","-122.263376"
"07/13/2018","AQS","060010012","3","9.9","ug/m3 LC","41","Laney College","1","100.0000","88101","PM2.5 - Local Conditions","41860","San Francisco-Oakland-Hayward, CA","06","California","001","Alameda","37.793624","-122.263376"
"07/14/2018","AQS","060010012","3","5.8","ug/m3 LC","24","Laney College","1","100.0000","88101","PM2.5 - Local Conditions","41860","San Francisco-Oakland-Hayward, CA","06","California","001","Alameda","37.793624","-122.263376"
"07/15/2018","AQS","060010012","3","10","ug/m3 LC","42","Laney College","1","100.0000","88101","PM2.5 - Local Conditions","41860","San Francisco-Oakland-Hayward, CA","06","California","001","Alameda","37.793624","-122.263376"
"07/16/2018","AQS","060010012","3","11","ug/m3 LC","46","Laney College","1","100.0000","88101","PM2.5 - Local Conditions","41860","San Francisco-Oakland-Hayward, CA","06","California","001","Alameda","37.793624","-122.263376"
"07/17/2018","AQS","060010012","3","10.5","ug/m3 LC","44","Laney College","1","100.0000","88101","PM2.5 - Local Conditions","41860","San Francisco-Oakland-Hayward, CA","06","California","001","Alameda","37.793624","-122.263376"
"07/18/2018","AQS","060010012","3","11.4","ug/m3 LC","48","Laney College","1","100.0000","88101","PM2.5 - Local Conditions","41860","San Francisco-Oakland-Hayward, CA","06","California","001","Alameda","37.793624","-122.263376"
"07/19/2018","AQS","060010012","3","10.9","ug/m3 LC","45","Laney College","1","100.0000","88101","PM2.5 - Local Conditions","41860","San Francisco-Oakland-Hayward, CA","06","California","001","Alameda","37.793624","-122.263376"
"07/20/2018","AQS","060010012","3","10.4","ug/m3 LC","43","Laney College","1","100.0000","88101","PM2.5 - Local Conditions","41860","San Francisco-Oakland-Hayward, CA","06","California","001","Alameda","37.793624","-122.263376"
"07/21/2018","AQS","060010012","3","7.3","ug/m3 LC","30","Laney College","1","100.0000","88101","PM2.5 - Local Conditions","41860","San Francisco-Oakland-Hayward, CA","06","California","001","Alameda","37.793624","-122.263376"
"07/22/2018","AQS","060010012","3","8.5","ug/m3 LC","35","Laney College","1","100.0000","88101","PM2.5 - Local Conditions","41860","San Francisco-Oakland-Hayward, CA","06","California","001","Alameda","37.793624","-122.263376"
"07/23/2018","AQS","060010012","3","12.2","ug/m3 LC","51","Laney College","1","100.0000","88101","PM2.5 - Local Conditions","41860","San Francisco-Oakland-Hayward, CA","06","California","001","Alameda","37.793624","-122.263376"
"07/24/2018","AQS","060010012","3","14.2","ug/m3 LC","55","Laney College","1","100.0000","88101","PM2.5 - Local Conditions","41860","San Francisco-Oakland-Hayward, CA","06","California","001","Alameda","37.793624","-122.263376"
"07/25/2018","AQS","060010012","3","12.4","ug/m3 LC","52","Laney College","1","100.0000","88101","PM2.5 - Local Conditions","41860","San Francisco-Oakland-Hayward, CA","06","California","001","Alameda","37.793624","-122.263376"
"07/26/2018","AQS","060010012","3","10.6","ug/m3 LC","44","Laney College","1","100.0000","88101","PM2.5 - Local Conditions","41860","San Francisco-Oakland-Hayward, CA","06","California","001","Alameda","37.793624","-122.263376"
"07/27/2018","AQS","060010012","3","8.6","ug/m3 LC","36","Laney College","1","100.0000","88101","PM2.5 - Local Conditions","41860","San Francisco-Oakland-Hayward, CA","06","California","001","Alameda","37.793624","-122.263376"
"07/28/2018","AQS","060010012","3","6.7","ug/m3 LC","28","Laney College","1","100.0000","88101","PM2.5 - Local Conditions","41860","San Francisco-Oakland-Hayward, CA","06","California","001","Alameda","37.793624","-122.263376"
"07/29/2018","AQS","060010012","3","5.7","ug/m3 LC","24","Laney College","1","100.0000","88101","PM2.5 - Local Conditions","41860","San Francisco-Oakland-Hayward, CA","06","California","001","Alameda","37.793624","-122.263376"
"07/30/2018","AQS","060010012","3","9","ug/m3 LC","38","Laney College","1","100.0000","88101","PM2.5 - Local Conditions","41860","San Francisco-Oakland-Hayward, CA","06","California","001","Alameda","37.793624","-122.263376"
"07/31/2018","AQS","060010012","3","9.1","ug/m3 LC","38","Laney College","1","100.0000","88101","PM2.5 - Local Conditions","41860","San Francisco-Oakland-Hayward, CA","06","California","001","Alameda","37.793624","-122.263376"
"08/01/2018","AQS","060010012","3","9.9","ug/m3 LC","41","Laney College","1","100.0000","88101","PM2.5 - Local Conditions","41860","San Francisco-Oakland-Hayward, CA","06","California","001","Alameda","37.793624","-122.263376"
"08/02/2018","AQS","060010012","3","9.6","ug/m3 LC","40","Laney College","1","100.0000","88101","PM2.5 - Local Conditions","41860","San Francisco-Oakland-Hayward, CA","06","California","001","Alameda","37.793624","-122.263376"
"08/03/2018","AQS","060010012","3","15.5","ug/m3 LC","58","Laney College","1","100.0000","88101","PM2.5 - Local Conditions","41860","San Francisco-Oakland-Hayward, CA","06","California","001","Alameda","37.793624","-122.263376"
"08/04/2018","AQS","060010012","3","14.3","ug/m3 LC","56","Laney College","1","100.0000","88101","PM2.5 - Local Conditions","41860","San Francisco-Oakland-Hayward, CA","06","California","001","Alameda","37.793624","-122.263376"
"08/05/2018","AQS","060010012","3","10","ug/m3 LC","42","Laney College","1","100.0000","88101","PM2.5 - Local Conditions","41860","San Francisco-Oakland-Hayward, CA","06","California","001","Alameda","37.793624","-122.263376"
"08/06/2018","AQS","060010012","3","9.1","ug/m3 LC","38","Laney College","1","100.0000","88101","PM2.5 - Local Conditions","41860","San Francisco-Oakland-Hayward, CA","06","California","001","Alameda","37.793624","-122.263376"
"08/07/2018","AQS","060010012","3","9","ug/m3 LC","38","Laney College","1","100.0000","88101","PM2.5 - Local Conditions","41860","San Francisco-Oakland-Hayward, CA","06","California","001","Alameda","37.793624","-122.263376"
"08/08/2018","AQS","060010012","3","10.3","ug/m3 LC","43","Laney College","1","100.0000","88101","PM2.5 - Local Conditions","41860","San Francisco-Oakland-Hayward, CA","06","California","001","Alameda","37.793624","-122.263376"
"08/09/2018","AQS","060010012","3","9.6","ug/m3 LC","40","Laney College","1","100.0000","88101","PM2.5 - Local Conditions","41860","San Francisco-Oakland-Hayward, CA","06","California","001","Alameda","37.793624","-122.263376"
"08/10/2018","AQS","060010012","3","9.8","ug/m3 LC","41","Laney College","1","100.0000","88101","PM2.5 - Local Conditions","41860","San Francisco-Oakland-Hayward, CA","06","California","001","Alameda","37.793624","-122.263376"
"08/11/2018","AQS","060010012","3","10.9","ug/m3 LC","45","Laney College","1","100.0000","88101","PM2.5 - Local Conditions","41860","San Francisco-Oakland-Hayward, CA","06","California","001","Alameda","37.793624","-122.263376"
"08/12/2018","AQS","060010012","3","13.3","ug/m3 LC","54","Laney College","1","100.0000","88101","PM2.5 - Local Conditions","41860","San Francisco-Oakland-Hayward, CA","06","California","001","Alameda","37.793624","-122.263376"
"08/13/2018","AQS","060010012","3","11","ug/m3 LC","46","Laney College","1","100.0000","88101","PM2.5 - Local Conditions","41860","San Francisco-Oakland-Hayward, CA","06","California","001","Alameda","37.793624","-122.263376"
"08/14/2018","AQS","060010012","3","9.3","ug/m3 LC","39","Laney College","1","100.0000","88101","PM2.5 - Local Conditions","41860","San Francisco-Oakland-Hayward, CA","06","California","001","Alameda","37.793624","-122.263376"
"08/15/2018","AQS","060010012","3","19","ug/m3 LC","66","Laney College","1","100.0000","88101","PM2.5 - Local Conditions","41860","San Francisco-Oakland-Hayward, CA","06","California","001","Alameda","37.793624","-122.263376"
"08/16/2018","AQS","060010012","3","22.2","ug/m3 LC","72","Laney College","1","100.0000","88101","PM2.5 - Local Conditions","41860","San Francisco-Oakland-Hayward, CA","06","California","001","Alameda","37.793624","-122.263376"
"08/17/2018","AQS","060010012","3","19","ug/m3 LC","66","Laney College","1","100.0000","88101","PM2.5 - Local Conditions","41860","San Francisco-Oakland-Hayward, CA","06","California","001","Alameda","37.793624","-122.263376"
"08/18/2018","AQS","060010012","3","11.8","ug/m3 LC","49","Laney College","1","100.0000","88101","PM2.5 - Local Conditions","41860","San Francisco-Oakland-Hayward, CA","06","California","001","Alameda","37.793624","-122.263376"
"08/19/2018","AQS","060010012","3","25.7","ug/m3 LC","80","Laney College","1","100.0000","88101","PM2.5 - Local Conditions","41860","San Francisco-Oakland-Hayward, CA","06","California","001","Alameda","37.793624","-122.263376"
"08/20/2018","AQS","060010012","3","25.8","ug/m3 LC","80","Laney College","1","100.0000","88101","PM2.5 - Local Conditions","41860","San Francisco-Oakland-Hayward, CA","06","California","001","Alameda","37.793624","-122.263376"
"08/21/2018","AQS","060010012","3","17.7","ug/m3 LC","63","Laney College","1","100.0000","88101","PM2.5 - Local Conditions","41860","San Francisco-Oakland-Hayward, CA","06","California","001","Alameda","37.793624","-122.263376"
"08/22/2018","AQS","060010012","3","31.7","ug/m3 LC","92","Laney College","1","100.0000","88101","PM2.5 - Local Conditions","41860","San Francisco-Oakland-Hayward, CA","06","California","001","Alameda","37.793624","-122.263376"
"08/23/2018","AQS","060010012","3","48.4","ug/m3 LC","133","Laney College","1","100.0000","88101","PM2.5 - Local Conditions","41860","San Francisco-Oakland-Hayward, CA","06","California","001","Alameda","37.793624","-122.263376"
"08/24/2018","AQS","060010012","3","23.4","ug/m3 LC","75","Laney College","1","100.0000","88101","PM2.5 - Local Conditions","41860","San Francisco-Oakland-Hayward, CA","06","California","001","Alameda","37.793624","-122.263376"
"08/25/2018","AQS","060010012","3","19","ug/m3 LC","66","Laney College","1","100.0000","88101","PM2.5 - Local Conditions","41860","San Francisco-Oakland-Hayward, CA","06","California","001","Alameda","37.793624","-122.263376"
"08/26/2018","AQS","060010012","3","17","ug/m3 LC","61","Laney College","1","100.0000","88101","PM2.5 - Local Conditions","41860","San Francisco-Oakland-Hayward, CA","06","California","001","Alameda","37.793624","-122.263376"
"08/27/2018","AQS","060010012","3","16.6","ug/m3 LC","60","Laney College","1","100.0000","88101","PM2.5 - Local Conditions","41860","San Francisco-Oakland-Hayward, CA","06","California","001","Alameda","37.793624","-122.263376"
"08/28/2018","AQS","060010012","3","8.7","ug/m3 LC","36","Laney College","1","100.0000","88101","PM2.5 - Local Conditions","41860","San Francisco-Oakland-Hayward, CA","06","California","001","Alameda","37.793624","-122.263376"
"08/29/2018","AQS","060010012","3","13.6","ug/m3 LC","54","Laney College","1","100.0000","88101","PM2.5 - Local Conditions","41860","San Francisco-Oakland-Hayward, CA","06","California","001","Alameda","37.793624","-122.263376"
"08/30/2018","AQS","060010012","3","15","ug/m3 LC","57","Laney College","1","100.0000","88101","PM2.5 - Local Conditions","41860","San Francisco-Oakland-Hayward, CA","06","California","001","Alameda","37.793624","-122.263376"
"08/31/2018","AQS","060010012","3","10.9","ug/m3 LC","45","Laney College","1","100.0000","88101","PM2.5 - Local Conditions","41860","San Francisco-Oakland-Hayward, CA","06","California","001","Alameda","37.793624","-122.263376"
"09/01/2018","AQS","060010012","3","12.5","ug/m3 LC","52","Laney College","1","100.0000","88101","PM2.5 - Local Conditions","41860","San Francisco-Oakland-Hayward, CA","06","California","001","Alameda","37.793624","-122.263376"
"09/02/2018","AQS","060010012","3","19.6","ug/m3 LC","67","Laney College","1","100.0000","88101","PM2.5 - Local Conditions","41860","San Francisco-Oakland-Hayward, CA","06","California","001","Alameda","37.793624","-122.263376"
"09/03/2018","AQS","060010012","3","18","ug/m3 LC","63","Laney College","1","100.0000","88101","PM2.5 - Local Conditions","41860","San Francisco-Oakland-Hayward, CA","06","California","001","Alameda","37.793624","-122.263376"
"09/04/2018","AQS","060010012","3","19.1","ug/m3 LC","66","Laney College","1","100.0000","88101","PM2.5 - Local Conditions","41860","San Francisco-Oakland-Hayward, CA","06","California","001","Alameda","37.793624","-122.263376"
"09/05/2018","AQS","060010012","3","17","ug/m3 LC","61","Laney College","1","100.0000","88101","PM2.5 - Local Conditions","41860","San Francisco-Oakland-Hayward, CA","06","California","001","Alameda","37.793624","-122.263376"
"09/06/2018","AQS","060010012","3","15.4","ug/m3 LC","58","Laney College","1","100.0000","88101","PM2.5 - Local Conditions","41860","San Francisco-Oakland-Hayward, CA","06","California","001","Alameda","37.793624","-122.263376"
"09/07/2018","AQS","060010012","3","14.8","ug/m3 LC","57","Laney College","1","100.0000","88101","PM2.5 - Local Conditions","41860","San Francisco-Oakland-Hayward, CA","06","California","001","Alameda","37.793624","-122.263376"
"09/08/2018","AQS","060010012","3","10.5","ug/m3 LC","44","Laney College","1","100.0000","88101","PM2.5 - Local Conditions","41860","San Francisco-Oakland-Hayward, CA","06","California","001","Alameda","37.793624","-122.263376"
"09/09/2018","AQS","060010012","3","12","ug/m3 LC","50","Laney College","1","100.0000","88101","PM2.5 - Local Conditions","41860","San Francisco-Oakland-Hayward, CA","06","California","001","Alameda","37.793624","-122.263376"
"09/10/2018","AQS","060010012","3","13.6","ug/m3 LC","54","Laney College","1","100.0000","88101","PM2.5 - Local Conditions","41860","San Francisco-Oakland-Hayward, CA","06","California","001","Alameda","37.793624","-122.263376"
"09/11/2018","AQS","060010012","3","14.2","ug/m3 LC","55","Laney College","1","100.0000","88101","PM2.5 - Local Conditions","41860","San Francisco-Oakland-Hayward, CA","06","California","001","Alameda","37.793624","-122.263376"
"09/12/2018","AQS","060010012","3","10.5","ug/m3 LC","44","Laney College","1","100.0000","88101","PM2.5 - Local Conditions","41860","San Francisco-Oakland-Hayward, CA","06","California","001","Alameda","37.793624","-122.263376"
"09/13/2018","AQS","060010012","3","10.7","ug/m3 LC","45","Laney College","1","100.0000","88101","PM2.5 - Local Conditions","41860","San Francisco-Oakland-Hayward, CA","06","California","001","Alameda","37.793624","-122.263376"
"09/14/2018","AQS","060010012","3","9.7","ug/m3 LC","40","Laney College","1","100.0000","88101","PM2.5 - Local Conditions","41860","San Francisco-Oakland-Hayward, CA","06","California","001","Alameda","37.793624","-122.263376"
"09/15/2018","AQS","060010012","3","7.1","ug/m3 LC","30","Laney College","1","100.0000","88101","PM2.5 - Local Conditions","41860","San Francisco-Oakland-Hayward, CA","06","California","001","Alameda","37.793624","-122.263376"
"09/16/2018","AQS","060010012","3","6.7","ug/m3 LC","28","Laney College","1","100.0000","88101","PM2.5 - Local Conditions","41860","San Francisco-Oakland-Hayward, CA","06","California","001","Alameda","37.793624","-122.263376"
"09/17/2018","AQS","060010012","3","8.5","ug/m3 LC","35","Laney College","1","100.0000","88101","PM2.5 - Local Conditions","41860","San Francisco-Oakland-Hayward, CA","06","California","001","Alameda","37.793624","-122.263376"
"09/18/2018","AQS","060010012","3","12.3","ug/m3 LC","51","Laney College","1","100.0000","88101","PM2.5 - Local Conditions","41860","San Francisco-Oakland-Hayward, CA","06","California","001","Alameda","37.793624","-122.263376"
"09/19/2018","AQS","060010012","3","16","ug/m3 LC","59","Laney College","1","100.0000","88101","PM2.5 - Local Conditions","41860","San Francisco-Oakland-Hayward, CA","06","California","001","Alameda","37.793624","-122.263376"
"09/20/2018","AQS","060010012","3","17.2","ug/m3 LC","62","Laney College","1","100.0000","88101","PM2.5 - Local Conditions","41860","San Francisco-Oakland-Hayward, CA","06","California","001","Alameda","37.793624","-122.263376"
"09/21/2018","AQS","060010012","3","16","ug/m3 LC","59","Laney College","1","100.0000","88101","PM2.5 - Local Conditions","41860","San Francisco-Oakland-Hayward, CA","06","California","001","Alameda","37.793624","-122.263376"
"09/22/2018","AQS","060010012","3","14","ug/m3 LC","55","Laney College","1","100.0000","88101","PM2.5 - Local Conditions","41860","San Francisco-Oakland-Hayward, CA","06","California","001","Alameda","37.793624","-122.263376"
"09/23/2018","AQS","060010012","3","14.5","ug/m3 LC","56","Laney College","1","100.0000","88101","PM2.5 - Local Conditions","41860","San Francisco-Oakland-Hayward, CA","06","California","001","Alameda","37.793624","-122.263376"
"09/24/2018","AQS","060010012","3","17.1","ug/m3 LC","62","Laney College","1","100.0000","88101","PM2.5 - Local Conditions","41860","San Francisco-Oakland-Hayward, CA","06","California","001","Alameda","37.793624","-122.263376"
"09/25/2018","AQS","060010012","3","20.5","ug/m3 LC","69","Laney College","1","100.0000","88101","PM2.5 - Local Conditions","41860","San Francisco-Oakland-Hayward, CA","06","California","001","Alameda","37.793624","-122.263376"
"09/26/2018","AQS","060010012","3","20.1","ug/m3 LC","68","Laney College","1","100.0000","88101","PM2.5 - Local Conditions","41860","San Francisco-Oakland-Hayward, CA","06","California","001","Alameda","37.793624","-122.263376"
"09/27/2018","AQS","060010012","3","14.2","ug/m3 LC","55","Laney College","1","100.0000","88101","PM2.5 - Local Conditions","41860","San Francisco-Oakland-Hayward, CA","06","California","001","Alameda","37.793624","-122.263376"
"09/28/2018","AQS","060010012","3","14.5","ug/m3 LC","56","Laney College","1","100.0000","88101","PM2.5 - Local Conditions","41860","San Francisco-Oakland-Hayward, CA","06","California","001","Alameda","37.793624","-122.263376"
"09/29/2018","AQS","060010012","3","9.5","ug/m3 LC","40","Laney College","1","100.0000","88101","PM2.5 - Local Conditions","41860","San Francisco-Oakland-Hayward, CA","06","California","001","Alameda","37.793624","-122.263376"
"09/30/2018","AQS","060010012","3","8.5","ug/m3 LC","35","Laney College","1","100.0000","88101","PM2.5 - Local Conditions","41860","San Francisco-Oakland-Hayward, CA","06","California","001","Alameda","37.793624","-122.263376"
"10/01/2018","AQS","060010012","3","11.1","ug/m3 LC","46","Laney College","1","100.0000","88101","PM2.5 - Local Conditions","41860","San Francisco-Oakland-Hayward, CA","06","California","001","Alameda","37.793624","-122.263376"
"10/02/2018","AQS","060010012","3","11.6","ug/m3 LC","48","Laney College","1","100.0000","88101","PM2.5 - Local Conditions","41860","San Francisco-Oakland-Hayward, CA","06","California","001","Alameda","37.793624","-122.263376"
"10/03/2018","AQS","060010012","3","6.7","ug/m3 LC","28","Laney College","1","100.0000","88101","PM2.5 - Local Conditions","41860","San Francisco-Oakland-Hayward, CA","06","California","001","Alameda","37.793624","-122.263376"
"10/04/2018","AQS","060010012","3","6.3","ug/m3 LC","26","Laney College","1","100.0000","88101","PM2.5 - Local Conditions","41860","San Francisco-Oakland-Hayward, CA","06","California","001","Alameda","37.793624","-122.263376"
"10/05/2018","AQS","060010012","3","8.9","ug/m3 LC","37","Laney College","1","100.0000","88101","PM2.5 - Local Conditions","41860","San Francisco-Oakland-Hayward, CA","06","California","001","Alameda","37.793624","-122.263376"
"10/06/2018","AQS","060010012","3","9.1","ug/m3 LC","38","Laney College","1","100.0000","88101","PM2.5 - Local Conditions","41860","San Francisco-Oakland-Hayward, CA","06","California","001","Alameda","37.793624","-122.263376"
"10/07/2018","AQS","060010012","3","6.1","ug/m3 LC","25","Laney College","1","100.0000","88101","PM2.5 - Local Conditions","41860","San Francisco-Oakland-Hayward, CA","06","California","001","Alameda","37.793624","-122.263376"
"10/08/2018","AQS","060010012","3","9.2","ug/m3 LC","38","Laney College","1","100.0000","88101","PM2.5 - Local Conditions","41860","San Francisco-Oakland-Hayward, CA","06","California","001","Alameda","37.793624","-122.263376"
"10/09/2018","AQS","060010012","3","11","ug/m3 LC","46","Laney College","1","100.0000","88101","PM2.5 - Local Conditions","41860","San Francisco-Oakland-Hayward, CA","06","California","001","Alameda","37.793624","-122.263376"
"10/10/2018","AQS","060010012","3","10.8","ug/m3 LC","45","Laney College","1","100.0000","88101","PM2.5 - Local Conditions","41860","San Francisco-Oakland-Hayward, CA","06","California","001","Alameda","37.793624","-122.263376"
"10/11/2018","AQS","060010012","3","11.7","ug/m3 LC","49","Laney College","1","100.0000","88101","PM2.5 - Local Conditions","41860","San Francisco-Oakland-Hayward, CA","06","California","001","Alameda","37.793624","-122.263376"
"10/12/2018","AQS","060010012","3","10.5","ug/m3 LC","44","Laney College","1","100.0000","88101","PM2.5 - Local Conditions","41860","San Francisco-Oakland-Hayward, CA","06","California","001","Alameda","37.793624","-122.263376"
"10/13/2018","AQS","060010012","3","12.4","ug/m3 LC","52","Laney College","1","100.0000","88101","PM2.5 - Local Conditions","41860","San Francisco-Oakland-Hayward, CA","06","California","001","Alameda","37.793624","-122.263376"
"10/14/2018","AQS","060010012","3","14.4","ug/m3 LC","56","Laney College","1","100.0000","88101","PM2.5 - Local Conditions","41860","San Francisco-Oakland-Hayward, CA","06","California","001","Alameda","37.793624","-122.263376"
"10/19/2018","AQS","060010012","3","16.5","ug/m3 LC","60","Laney College","1","100.0000","88101","PM2.5 - Local Conditions","41860","San Francisco-Oakland-Hayward, CA","06","California","001","Alameda","37.793624","-122.263376"
"10/20/2018","AQS","060010012","3","16.3","ug/m3 LC","60","Laney College","1","100.0000","88101","PM2.5 - Local Conditions","41860","San Francisco-Oakland-Hayward, CA","06","California","001","Alameda","37.793624","-122.263376"
"10/21/2018","AQS","060010012","3","14.5","ug/m3 LC","56","Laney College","1","100.0000","88101","PM2.5 - Local Conditions","41860","San Francisco-Oakland-Hayward, CA","06","California","001","Alameda","37.793624","-122.263376"
"10/22/2018","AQS","060010012","3","12.7","ug/m3 LC","52","Laney College","1","100.0000","88101","PM2.5 - Local Conditions","41860","San Francisco-Oakland-Hayward, CA","06","California","001","Alameda","37.793624","-122.263376"
"10/23/2018","AQS","060010012","3","7.3","ug/m3 LC","30","Laney College","1","100.0000","88101","PM2.5 - Local Conditions","41860","San Francisco-Oakland-Hayward, CA","06","California","001","Alameda","37.793624","-122.263376"
"10/24/2018","AQS","060010012","3","8.5","ug/m3 LC","35","Laney College","1","100.0000","88101","PM2.5 - Local Conditions","41860","San Francisco-Oakland-Hayward, CA","06","California","001","Alameda","37.793624","-122.263376"
"10/25/2018","AQS","060010012","3","10.1","ug/m3 LC","42","Laney College","1","100.0000","88101","PM2.5 - Local Conditions","41860","San Francisco-Oakland-Hayward, CA","06","California","001","Alameda","37.793624","-122.263376"
"10/26/2018","AQS","060010012","3","7.5","ug/m3 LC","31","Laney College","1","100.0000","88101","PM2.5 - Local Conditions","41860","San Francisco-Oakland-Hayward, CA","06","California","001","Alameda","37.793624","-122.263376"
"10/27/2018","AQS","060010012","3","3.9","ug/m3 LC","16","Laney College","1","100.0000","88101","PM2.5 - Local Conditions","41860","San Francisco-Oakland-Hayward, CA","06","California","001","Alameda","37.793624","-122.263376"
"10/28/2018","AQS","060010012","3","4.7","ug/m3 LC","20","Laney College","1","100.0000","88101","PM2.5 - Local Conditions","41860","San Francisco-Oakland-Hayward, CA","06","California","001","Alameda","37.793624","-122.263376"
"10/29/2018","AQS","060010012","3","5","ug/m3 LC","21","Laney College","1","100.0000","88101","PM2.5 - Local Conditions","41860","San Francisco-Oakland-Hayward, CA","06","California","001","Alameda","37.793624","-122.263376"
"10/30/2018","AQS","060010012","3","5.9","ug/m3 LC","25","Laney College","1","100.0000","88101","PM2.5 - Local Conditions","41860","San Francisco-Oakland-Hayward, CA","06","California","001","Alameda","37.793624","-122.263376"
"10/31/2018","AQS","060010012","3","10.5","ug/m3 LC","44","Laney College","1","100.0000","88101","PM2.5 - Local Conditions","41860","San Francisco-Oakland-Hayward, CA","06","California","001","Alameda","37.793624","-122.263376"
"11/01/2018","AQS","060010012","3","9.4","ug/m3 LC","39","Laney College","1","100.0000","88101","PM2.5 - Local Conditions","41860","San Francisco-Oakland-Hayward, CA","06","California","001","Alameda","37.793624","-122.263376"
"11/02/2018","AQS","060010012","3","10.2","ug/m3 LC","43","Laney College","1","100.0000","88101","PM2.5 - Local Conditions","41860","San Francisco-Oakland-Hayward, CA","06","California","001","Alameda","37.793624","-122.263376"
"11/03/2018","AQS","060010012","3","9.2","ug/m3 LC","38","Laney College","1","100.0000","88101","PM2.5 - Local Conditions","41860","San Francisco-Oakland-Hayward, CA","06","California","001","Alameda","37.793624","-122.263376"
"11/04/2018","AQS","060010012","3","12.4","ug/m3 LC","52","Laney College","1","100.0000","88101","PM2.5 - Local Conditions","41860","San Francisco-Oakland-Hayward, CA","06","California","001","Alameda","37.793624","-122.263376"
"11/05/2018","AQS","060010012","3","9.2","ug/m3 LC","38","Laney College","1","100.0000","88101","PM2.5 - Local Conditions","41860","San Francisco-Oakland-Hayward, CA","06","California","001","Alameda","37.793624","-122.263376"
"11/06/2018","AQS","060010012","3","9.9","ug/m3 LC","41","Laney College","1","100.0000","88101","PM2.5 - Local Conditions","41860","San Francisco-Oakland-Hayward, CA","06","California","001","Alameda","37.793624","-122.263376"
"11/07/2018","AQS","060010012","3","9.4","ug/m3 LC","39","Laney College","1","100.0000","88101","PM2.5 - Local Conditions","41860","San Francisco-Oakland-Hayward, CA","06","California","001","Alameda","37.793624","-122.263376"
"11/08/2018","AQS","060010012","3","25.4","ug/m3 LC","79","Laney College","1","100.0000","88101","PM2.5 - Local Conditions","41860","San Francisco-Oakland-Hayward, CA","06","California","001","Alameda","37.793624","-122.263376"
"11/09/2018","AQS","060010012","3","66.2","ug/m3 LC","157","Laney College","1","100.0000","88101","PM2.5 - Local Conditions","41860","San Francisco-Oakland-Hayward, CA","06","California","001","Alameda","37.793624","-122.263376"
"11/10/2018","AQS","060010012","3","106.8","ug/m3 LC","177","Laney College","1","100.0000","88101","PM2.5 - Local Conditions","41860","San Francisco-Oakland-Hayward, CA","06","California","001","Alameda","37.793624","-122.263376"
"11/11/2018","AQS","060010012","3","86","ug/m3 LC","167","Laney College","1","100.0000","88101","PM2.5 - Local Conditions","41860","San Francisco-Oakland-Hayward, CA","06","California","001","Alameda","37.793624","-122.263376"
"11/12/2018","AQS","060010012","3","82.4","ug/m3 LC","165","Laney College","1","100.0000","88101","PM2.5 - Local Conditions","41860","San Francisco-Oakland-Hayward, CA","06","California","001","Alameda","37.793624","-122.263376"
"11/13/2018","AQS","060010012","3","73.3","ug/m3 LC","160","Laney College","1","100.0000","88101","PM2.5 - Local Conditions","41860","San Francisco-Oakland-Hayward, CA","06","California","001","Alameda","37.793624","-122.263376"
"11/14/2018","AQS","060010012","3","89.4","ug/m3 LC","169","Laney College","1","100.0000","88101","PM2.5 - Local Conditions","41860","San Francisco-Oakland-Hayward, CA","06","California","001","Alameda","37.793624","-122.263376"
"11/15/2018","AQS","060010012","3","152","ug/m3 LC","202","Laney College","1","100.0000","88101","PM2.5 - Local Conditions","41860","San Francisco-Oakland-Hayward, CA","06","California","001","Alameda","37.793624","-122.263376"
"11/16/2018","AQS","060010012","3","168.2","ug/m3 LC","219","Laney College","1","100.0000","88101","PM2.5 - Local Conditions","41860","San Francisco-Oakland-Hayward, CA","06","California","001","Alameda","37.793624","-122.263376"
"11/17/2018","AQS","060010012","3","105.7","ug/m3 LC","177","Laney College","1","100.0000","88101","PM2.5 - Local Conditions","41860","San Francisco-Oakland-Hayward, CA","06","California","001","Alameda","37.793624","-122.263376"
"11/18/2018","AQS","060010012","3","67.1","ug/m3 LC","157","Laney College","1","100.0000","88101","PM2.5 - Local Conditions","41860","San Francisco-Oakland-Hayward, CA","06","California","001","Alameda","37.793624","-122.263376"
"11/19/2018","AQS","060010012","3","86.7","ug/m3 LC","167","Laney College","1","100.0000","88101","PM2.5 - Local Conditions","41860","San Francisco-Oakland-Hayward, CA","06","California","001","Alameda","37.793624","-122.263376"
"11/20/2018","AQS","060010012","3","63","ug/m3 LC","155","Laney College","1","100.0000","88101","PM2.5 - Local Conditions","41860","San Francisco-Oakland-Hayward, CA","06","California","001","Alameda","37.793624","-122.263376"
"11/21/2018","AQS","060010012","3","11.7","ug/m3 LC","49","Laney College","1","100.0000","88101","PM2.5 - Local Conditions","41860","San Francisco-Oakland-Hayward, CA","06","California","001","Alameda","37.793624","-122.263376"
"11/22/2018","AQS","060010012","3","2.3","ug/m3 LC","10","Laney College","1","100.0000","88101","PM2.5 - Local Conditions","41860","San Francisco-Oakland-Hayward, CA","06","California","001","Alameda","37.793624","-122.263376"
"11/23/2018","AQS","060010012","3","2.7","ug/m3 LC","11","Laney College","1","100.0000","88101","PM2.5 - Local Conditions","41860","San Francisco-Oakland-Hayward, CA","06","California","001","Alameda","37.793624","-122.263376"
"11/24/2018","AQS","060010012","3","4.5","ug/m3 LC","19","Laney College","1","100.0000","88101","PM2.5 - Local Conditions","41860","San Francisco-Oakland-Hayward, CA","06","California","001","Alameda","37.793624","-122.263376"
"11/25/2018","AQS","060010012","3","10.2","ug/m3 LC","43","Laney College","1","100.0000","88101","PM2.5 - Local Conditions","41860","San Francisco-Oakland-Hayward, CA","06","California","001","Alameda","37.793624","-122.263376"
"11/26/2018","AQS","060010012","3","11.5","ug/m3 LC","48","Laney College","1","100.0000","88101","PM2.5 - Local Conditions","41860","San Francisco-Oakland-Hayward, CA","06","California","001","Alameda","37.793624","-122.263376"
"11/27/2018","AQS","060010012","3","11.1","ug/m3 LC","46","Laney College","1","100.0000","88101","PM2.5 - Local Conditions","41860","San Francisco-Oakland-Hayward, CA","06","California","001","Alameda","37.793624","-122.263376"
"11/28/2018","AQS","060010012","3","4.6","ug/m3 LC","19","Laney College","1","100.0000","88101","PM2.5 - Local Conditions","41860","San Francisco-Oakland-Hayward, CA","06","California","001","Alameda","37.793624","-122.263376"
"11/29/2018","AQS","060010012","3","5.2","ug/m3 LC","22","Laney College","1","100.0000","88101","PM2.5 - Local Conditions","41860","San Francisco-Oakland-Hayward, CA","06","California","001","Alameda","37.793624","-122.263376"
"11/30/2018","AQS","060010012","3","5.3","ug/m3 LC","22","Laney College","1","100.0000","88101","PM2.5 - Local Conditions","41860","San Francisco-Oakland-Hayward, CA","06","California","001","Alameda","37.793624","-122.263376"
"12/01/2018","AQS","060010012","3","5.4","ug/m3 LC","23","Laney College","1","100.0000","88101","PM2.5 - Local Conditions","41860","San Francisco-Oakland-Hayward, CA","06","California","001","Alameda","37.793624","-122.263376"
"12/02/2018","AQS","060010012","3","3.6","ug/m3 LC","15","Laney College","1","100.0000","88101","PM2.5 - Local Conditions","41860","San Francisco-Oakland-Hayward, CA","06","California","001","Alameda","37.793624","-122.263376"
"12/03/2018","AQS","060010012","3","4.5","ug/m3 LC","19","Laney College","1","100.0000","88101","PM2.5 - Local Conditions","41860","San Francisco-Oakland-Hayward, CA","06","California","001","Alameda","37.793624","-122.263376"
"12/04/2018","AQS","060010012","3","8.3","ug/m3 LC","35","Laney College","1","100.0000","88101","PM2.5 - Local Conditions","41860","San Francisco-Oakland-Hayward, CA","06","California","001","Alameda","37.793624","-122.263376"
"12/05/2018","AQS","060010012","3","4.7","ug/m3 LC","20","Laney College","1","100.0000","88101","PM2.5 - Local Conditions","41860","San Francisco-Oakland-Hayward, CA","06","California","001","Alameda","37.793624","-122.263376"
"12/06/2018","AQS","060010012","3","3.3","ug/m3 LC","14","Laney College","1","100.0000","88101","PM2.5 - Local Conditions","41860","San Francisco-Oakland-Hayward, CA","06","California","001","Alameda","37.793624","-122.263376"
"12/07/2018","AQS","060010012","3","11.1","ug/m3 LC","46","Laney College","1","100.0000","88101","PM2.5 - Local Conditions","41860","San Francisco-Oakland-Hayward, CA","06","California","001","Alameda","37.793624","-122.263376"
"12/08/2018","AQS","060010012","3","19.5","ug/m3 LC","67","Laney College","1","100.0000","88101","PM2.5 - Local Conditions","41860","San Francisco-Oakland-Hayward, CA","06","California","001","Alameda","37.793624","-122.263376"
"12/09/2018","AQS","060010012","3","20.6","ug/m3 LC","69","Laney College","1","100.0000","88101","PM2.5 - Local Conditions","41860","San Francisco-Oakland-Hayward, CA","06","California","001","Alameda","37.793624","-122.263376"
"12/10/2018","AQS","060010012","3","19.5","ug/m3 LC","67","Laney College","1","100.0000","88101","PM2.5 - Local Conditions","41860","San Francisco-Oakland-Hayward, CA","06","California","001","Alameda","37.793624","-122.263376"
"12/11/2018","AQS","060010012","3","13.2","ug/m3 LC","53","Laney College","1","100.0000","88101","PM2.5 - Local Conditions","41860","San Francisco-Oakland-Hayward, CA","06","California","001","Alameda","37.793624","-122.263376"
"12/12/2018","AQS","060010012","3","11.5","ug/m3 LC","48","Laney College","1","100.0000","88101","PM2.5 - Local Conditions","41860","San Francisco-Oakland-Hayward, CA","06","California","001","Alameda","37.793624","-122.263376"
"12/13/2018","AQS","060010012","3","14.8","ug/m3 LC","57","Laney College","1","100.0000","88101","PM2.5 - Local Conditions","41860","San Francisco-Oakland-Hayward, CA","06","California","001","Alameda","37.793624","-122.263376"
"12/14/2018","AQS","060010012","3","15.5","ug/m3 LC","58","Laney College","1","100.0000","88101","PM2.5 - Local Conditions","41860","San Francisco-Oakland-Hayward, CA","06","California","001","Alameda","37.793624","-122.263376"
"12/15/2018","AQS","060010012","3","8.3","ug/m3 LC","35","Laney College","1","100.0000","88101","PM2.5 - Local Conditions","41860","San Francisco-Oakland-Hayward, CA","06","California","001","Alameda","37.793624","-122.263376"
"12/16/2018","AQS","060010012","3","3.3","ug/m3 LC","14","Laney College","1","100.0000","88101","PM2.5 - Local Conditions","41860","San Francisco-Oakland-Hayward, CA","06","California","001","Alameda","37.793624","-122.263376"
"12/17/2018","AQS","060010012","3","6.9","ug/m3 LC","29","Laney College","1","100.0000","88101","PM2.5 - Local Conditions","41860","San Francisco-Oakland-Hayward, CA","06","California","001","Alameda","37.793624","-122.263376"
"12/18/2018","AQS","060010012","3","10.1","ug/m3 LC","42","Laney College","1","100.0000","88101","PM2.5 - Local Conditions","41860","San Francisco-Oakland-Hayward, CA","06","California","001","Alameda","37.793624","-122.263376"
"12/19/2018","AQS","060010012","3","7.5","ug/m3 LC","31","Laney College","1","100.0000","88101","PM2.5 - Local Conditions","41860","San Francisco-Oakland-Hayward, CA","06","California","001","Alameda","37.793624","-122.263376"
"12/20/2018","AQS","060010012","3","19","ug/m3 LC","66","Laney College","1","100.0000","88101","PM2.5 - Local Conditions","41860","San Francisco-Oakland-Hayward, CA","06","California","001","Alameda","37.793624","-122.263376"
"12/21/2018","AQS","060010012","3","12","ug/m3 LC","50","Laney College","1","100.0000","88101","PM2.5 - Local Conditions","41860","San Francisco-Oakland-Hayward, CA","06","California","001","Alameda","37.793624","-122.263376"
"12/22/2018","AQS","060010012","3","5.7","ug/m3 LC","24","Laney College","1","100.0000","88101","PM2.5 - Local Conditions","41860","San Francisco-Oakland-Hayward, CA","06","California","001","Alameda","37.793624","-122.263376"
"12/23/2018","AQS","060010012","3","10.7","ug/m3 LC","45","Laney College","1","100.0000","88101","PM2.5 - Local Conditions","41860","San Francisco-Oakland-Hayward, CA","06","California","001","Alameda","37.793624","-122.263376"
"12/24/2018","AQS","060010012","3","8.7","ug/m3 LC","36","Laney College","1","100.0000","88101","PM2.5 - Local Conditions","41860","San Francisco-Oakland-Hayward, CA","06","California","001","Alameda","37.793624","-122.263376"
"12/25/2018","AQS","060010012","3","3.1","ug/m3 LC","13","Laney College","1","100.0000","88101","PM2.5 - Local Conditions","41860","San Francisco-Oakland-Hayward, CA","06","California","001","Alameda","37.793624","-122.263376"
"12/26/2018","AQS","060010012","3","5","ug/m3 LC","21","Laney College","1","100.0000","88101","PM2.5 - Local Conditions","41860","San Francisco-Oakland-Hayward, CA","06","California","001","Alameda","37.793624","-122.263376"
"12/27/2018","AQS","060010012","3","0.4","ug/m3 LC","2","Laney College","1","100.0000","88101","PM2.5 - Local Conditions","41860","San Francisco-Oakland-Hayward, CA","06","California","001","Alameda","37.793624","-122.263376"
"12/28/2018","AQS","060010012","3","2.6","ug/m3 LC","11","Laney College","1","100.0000","88101","PM2.5 - Local Conditions","41860","San Francisco-Oakland-Hayward, CA","06","California","001","Alameda","37.793624","-122.263376"
"12/29/2018","AQS","060010012","3","7.8","ug/m3 LC","33","Laney College","1","100.0000","88101","PM2.5 - Local Conditions","41860","San Francisco-Oakland-Hayward, CA","06","California","001","Alameda","37.793624","-122.263376"
"12/30/2018","AQS","060010012","3","10.5","ug/m3 LC","44","Laney College","1","100.0000","88101","PM2.5 - Local Conditions","41860","San Francisco-Oakland-Hayward, CA","06","California","001","Alameda","37.793624","-122.263376"
"12/31/2018","AQS","060010012","3","0.3","ug/m3 LC","1","Laney College","1","100.0000","88101","PM2.5 - Local Conditions","41860","San Francisco-Oakland-Hayward, CA","06","California","001","Alameda","37.793624","-122.263376"
